chiaoto,1,2,3,4,5,6,7,8,9,10,11,12,13,14,15,16,17,18,19,20,21,22,23,24
2014/1/1 上午 12:00:00,0,0,0,0,0,0,0,0,0,0,0,0,0,0,0,0,0,0,0,0,0,0,0,0
2014/1/2 上午 12:00:00,0,0,0,0,0,0,0,0,0,0,0,0,0,0,0,0,0,0,0,0,0,0,0,0
2014/1/3 上午 12:00:00,0,0,0,0,0,0,0,0,0,0,0,0,0,0,0,0,0,0,0,0,0,0,0,0
2014/1/4 上午 12:00:00,0,0,0,0,0,0,0,0,0,0,0,0,0,0,0,0,0,0,0,0,0,0,0,0
2014/1/5 上午 12:00:00,0,0,0,0,0,0,0,0,0,0,0,0,0,0,0,0,0,0,0,0,0,0,0,0
2014/1/6 上午 12:00:00,0,0,0,0,0,0,0,0,0,0,0,0,0,0,0,0,0,0,0,0,0,0,0,0
2014/1/7 上午 12:00:00,0,0,0,0,0,-999996.0,0,0,0,0,0,0,0,0,0,0,0,0,0,0,0,0,0,0
2014/1/8 上午 12:00:00,0,0,0,0,0,0,0,0,0,0,0,0,0,0,0,0,0,0,0,0,0,0,0,0
2014/1/9 上午 12:00:00,0,0,0,0,0,0,0,0,0,0,0,0,0,-999996.0,0,0,0,0,0,0,0,0,0,0
2014/1/10 上午 12:00:00,0,0,0,0,0,0,0,0,0,0,0,0,0,0,0,0,0,0,0,0,0,0,0,0
2014/1/11 上午 12:00:00,0,0,-999996.0,0,0,0,0,0,0,0,0,0,0,0,0,0,0,0,0,0,0,0,0,0
2014/1/12 上午 12:00:00,0,0,0,0,0,0,0,0,0,0,0,0,0,0,0,0,0,0,0,0,0,0,0,-999996.0
2014/1/13 上午 12:00:00,0,0,0,0,0,0,0,0,0,0,0,0,0,0,0,0,0,0,0,0,0,0,0,0
2014/1/14 上午 12:00:00,0,0,0,0,0,0,0,0,0,0,0,0,0,0,0,0,0,0,0,0,0,0,0,0
2014/1/15 上午 12:00:00,0,0,0,0,0,0,0,0,0,0,0,0,0,0,0,0,0,0,0,0,0,0,0,0
2014/1/16 上午 12:00:00,0,0,0,0,0,0,0,0,0,0,0,0,0,0,0,0,0,0,0,0,0,0,0,0
2014/1/17 上午 12:00:00,0,0,0,0,0,0,0,0,0,0,0,0,0,0,0,0,0,0,0,0,0,0,0,0
2014/1/18 上午 12:00:00,0,0,0,0,0,0,0,0,0,0,0,0,0,0,0,0,0,0,0,0,0,0,0,-999996.0
2014/1/19 上午 12:00:00,0,0,0,0,0,0,0,0,0,0,0,0,0,0,0,0,0,0,0,0,0,0,0,0
2014/1/20 上午 12:00:00,0,0,0,0,0,0,0,0,0,0,0,0,0,0,0,0,0,0,0,0,0,0,0,0
2014/1/21 上午 12:00:00,0,0,0,0,0,0,0,0,0,0,0,0,0,0,0,0,0,0,0,0,0,0,0,0
2014/1/22 上午 12:00:00,0,0,0,0,0,0,0,0,0,0,0,0,0,0,0,0,0,0,0,0,0,0,0,0
2014/1/23 上午 12:00:00,0,0,0,0,0,0,0,0,0,0,0,0,0,0,0,0,0,0,0,0,0,0,0,0
2014/1/24 上午 12:00:00,0,0,0,0,0,0,0,0,-999996.0,0,0,0,0,0,0,0,0,0,0,0,0,0,0,0
2014/1/25 上午 12:00:00,0,0,0,0,0,0,0,0,0,0,0,0,0,0,0,0,0,0,0,-999996.0,0,0,0,0
2014/1/26 上午 12:00:00,0,0,0,0,0,0,0,0,0,0,0,0,0,0,0,0,0,0,0,0,0,0,0,0
2014/1/27 上午 12:00:00,0,0,0,0,0,0,0,0,0,0,0,0,0,0,0,0,0,0,0,0,0,0,0,0
2014/1/28 上午 12:00:00,0,-999996.0,0,0,0,-999996.0,0,0,0,0,0,0,0,0,0,0,0,0,0,0,0,0,0,0
2014/1/29 上午 12:00:00,0,0,0,0,0,0,0,0,0,0,0,0,0,0,0,0,0,0,0,0,0,-999996.0,0,0
2014/1/30 上午 12:00:00,0,0,0,0,0,0,0,0,0,0,0,0,0,0,0,0,0,0,0,0,0,0,0,0
2014/1/31 上午 12:00:00,0,0,0,0,0,0,0,0,0,0,0,0,0,0,0,0,0,0,0,0,0,0,0,0
2014/2/1 上午 12:00:00,0,0,0,0,0,0,0,0,0,0,0,0,0,0,0,0,0,0,0,0,0,0,0,0
2014/2/2 上午 12:00:00,0,0,0,0,0,0,0,0,0,0,0,0,0,0,0,0,0,0,0,0,0,0,0,0
2014/2/3 上午 12:00:00,0,0,0,0,0,0,0,0,0,0,0,0,0,0,0,0,0,0,0,0,0,0,0,0
2014/2/4 上午 12:00:00,0,0,0,0,0,0,0,0,0,0,0,0,0,0,0,0,0,0,0,0,0,0,0,0
2014/2/5 上午 12:00:00,0,0,0,0,0,0,0,0,0,0,0,0,0,0,0,0,0,0,0,0,0,0,0,0
2014/2/6 上午 12:00:00,0,0,0,0,0,0,0,0,0,0,0,0,0,-999996.0,0,0,0,0,0,0,0,0,0,0
2014/2/7 上午 12:00:00,0,0,0,0,0,0,0,0,0,0,0,0,0,0,0,0,0,0,0,0,0,0,0,0
2014/2/8 上午 12:00:00,0,0,0,0,0,0,0,0,0,0,0,0,0,0,0,0,0,0,0,0,0,0,0,0
2014/2/9 上午 12:00:00,0,0,0,0,0,0,0,0,0,0,0,0,0,0,0,0,0,0,0,0,0,0,0,0
2014/2/10 上午 12:00:00,0,0,0,0,0,0,2.0,0.5,0,0.5,0,0.5,0,0,0,0,0,0,0,0,0,0,0,-999996.0
2014/2/11 上午 12:00:00,0,0,0,0.5,0,0.5,0,0,0,0,0,0,0,0,0,0,0,0,0,0,0,0,0,0
2014/2/12 上午 12:00:00,0,0,0,0,0,0,0,0,0,0,0,0,0,0,0,0,0,0,0,0,0,0,0,0
2014/2/13 上午 12:00:00,0,0,0,0,0,0,0,0,0,0,0,0,0,0,0,0,0,0,0,0,0,0,0,0.5
2014/2/14 上午 12:00:00,-999996.0,0.5,1.0,0,0,0,0,0,0,0,0,0,0,0,0,0,0,0,0,0,0,0,0,0
2014/2/15 上午 12:00:00,0,0,0,0,0,0,0,0,0,0,0,0,0,0,0,0,-999996.0,0,0,0,0,0,0,0
2014/2/16 上午 12:00:00,0,0,0,0,0,0,0,0,0,0,0,0,0,0,0,0,0,0,0,0,0,0,0,0
2014/2/17 上午 12:00:00,0,0,0,0,0,0,0,0,0,0,0,0,0,0,0,0,0,0,0,0,0,0,0,0
2014/2/18 上午 12:00:00,0,0,0,0,0,0,0,0,0,0,0,0,0,0,0,0,0,0,0,0,0,0,0,0
2014/2/19 上午 12:00:00,0,0,0,0,0,0,0,0,0,0,0,0,0,0,0,0,0,0,0,0,0,0,0.5,0
2014/2/20 上午 12:00:00,0.5,0,0.5,0,0,0,0,0,0,0,0,0,0,0,0,0,0,0,0,0,0,0,0,0
2014/2/21 上午 12:00:00,0,0,0,0,-999996.0,0,0,0,0,0,0,0,0,0,0,0,0,0,0,0,0,0,0,0
2014/2/22 上午 12:00:00,0,0,0,0,0,0,0,0,0,0,0,0,0,0,0,0,0,0,0,0,0,0,0,0
2014/2/23 上午 12:00:00,0,0,0,0,0,0,0,0,0,0,0,0,0,0,0,0,0,0,-999996.0,0,0,0,0,0
2014/2/24 上午 12:00:00,0,0,0,0,0,0,0,0,0,0,0,0,0,0,0,0,0,0,0,0,0,0,0,0
2014/2/25 上午 12:00:00,0,0,0,0,0,0,0,0,0,0,0,0,0,0,0,0,0,0,0,0,0,0,0,0
2014/2/26 上午 12:00:00,0,0,0,0,0,0,0,0,0,0,0,0,0,0,0,0,0,0,0,0,0,0,0,0
2014/2/27 上午 12:00:00,0,0,0,0,0,0,0,0,0,0,0,0,0,0,0,0,0,0,0,0,0,0,0,0
2014/2/28 上午 12:00:00,0,0,0,0,0,0,0,0,0,0,0,0,0,0,0,0,0,0,0,0,0,0,0,0
2014/3/1 上午 12:00:00,0,0,0,0,0,0,0,0,0,0,0,0,0,0,0,0,0,0,0,0,0,0,0,0
2014/3/2 上午 12:00:00,0,0,0,0,0,0,0,0,0,0,0,0,0,0,0,0,0,-999996.0,0,0,0,0,0,0
2014/3/3 上午 12:00:00,0,0,0,0,0,0,0,0,0,0,0,0,0,0,0,0,0,0,0,0,0,0,0,0
2014/3/4 上午 12:00:00,0,0,0,0,0,0,0,0,0,0,0,0,0,0,0,0,0,0,0,0,0,0,0,0
2014/3/5 上午 12:00:00,0,0,0,0,0,0,0,0,0,0,0,0,0,0,0,0,0,0,0,0,0,0,0,0
2014/3/6 上午 12:00:00,0,0,0,0,0,0,0,0,0,0,0,0,0,0,0,0,0,0,0,0,0,0,0,0
2014/3/7 上午 12:00:00,0,0,0,0,0,0,0,0,0,0,0,0,0,0,0,0,0,0,0,0,0,0,0,0
2014/3/8 上午 12:00:00,0,0,0,0,0,0,0,0,0,0,0,0,0,0,0,0,0,0,0,0,0,0,0,0
2014/3/9 上午 12:00:00,0,0,0,0,0,0,0,0,0,0,0,0,0,0,0,0,0,0,0,0,0,0,0,0
2014/3/10 上午 12:00:00,0,0,0,0,0,0,0,0,0,0,0,0,0,0,0,0,0,0,0,0,0,0,0,0
2014/3/11 上午 12:00:00,0,0,0,0,0,0,0,0,0,0,0,0,0,0,0,0,0,-999996.0,0,0,0,0,0,0
2014/3/12 上午 12:00:00,0,0,0,0,0,0,0,0,0,0,0,0,0,0,0,0,0,0,0,0,0,0,0,0
2014/3/13 上午 12:00:00,0,0,0,0,0,0,0,0,0,0,0,0,0,0,-999996.0,0,0,0,0,0,0,0,0,0
2014/3/14 上午 12:00:00,0,0,0,0,0,0,0,0,0,0,0,0,0,0,0,0,0,0,0,0,0,0,0,0
2014/3/15 上午 12:00:00,0,0,0,0,0,0,0,0,0,0,0,0,0,0,0,-999996.0,0,0,0,0,0,0,0,0
2014/3/16 上午 12:00:00,0,0,-999996.0,0,0,0,0,0,0,0,0,0,0,0,0,0,0,0,0,0,0,0,0,0
2014/3/17 上午 12:00:00,0,0,0,0,0,0,0,0,0,0,0,0,0,0,0,0,0,0,0,0,0,0,0,0
2014/3/18 上午 12:00:00,0,0,0,0,0,0,0,0,0,0,0,0,0,0,0,0,0,0,0,0,0,0,0,0
2014/3/19 上午 12:00:00,0,0,0,0,0,-999996.0,0,0,0,0,0,0,0,0,0,0,0,0,0,0,0,0,0,0
2014/3/20 上午 12:00:00,0,0,0,0,0,0,0,0,0,0,0,0,0,0,0,0,0,0,0,0,0,0,0,0
2014/3/21 上午 12:00:00,0,0,0,0,0,0,0,0,0,0,0,0,0,0,0,0,0,0,0,0,0,0,0,0
2014/3/22 上午 12:00:00,0,0,0,0,0,0,0,0,0,0,0,0,0,0,0,0,0,0,0,0,0,0,0,0
2014/3/23 上午 12:00:00,1.5,0.5,0,0,0,0,0,0,0,0,0,0,0,0,0,0,0,0,0,0,0,0,0,0
2014/3/24 上午 12:00:00,0,0,0,0,0,0,0,0,0,0,0,0,0,0,0,0,0,0,0,0,0,0,0,0
2014/3/25 上午 12:00:00,0,0,0,0,0,0,0,0,0,0,0,0,0,0,0,0,0,0,0,0,-999996.0,0,0,0
2014/3/26 上午 12:00:00,0,0,0,0,0,0,0,0,0,0,0,0,0,0,0,0,0,0,0,0,0,0,0,0
2014/3/27 上午 12:00:00,0,-999996.0,0,0,0,0,0,0,0,0,0,0,0,0,0,0,0,0,0,0,0,0,0,0
2014/3/28 上午 12:00:00,0,0,0,0,0,0,0,0,0,0,0,0,0,0,0,0,0,0,0,0,0,0,0,0
2014/3/29 上午 12:00:00,0,0,0,0,0,0,0,0,0,0,0,0,0,0,0,0,0,0,0,0,0,0,0,0
2014/3/30 上午 12:00:00,0,0,0,0,0,0,0,0,0,0,0,0,0,0,0,0,0,0,0,0,0,0,0,0
2014/3/31 上午 12:00:00,0,0,0,17.5,0,0.5,0,0,0,0,-999996.0,0,0,0,0,0.5,6.0,3.0,0.5,0,0,0,0,0
2014/4/1 上午 12:00:00,0,0.5,0,0,2.0,1.5,3.5,0,0,0,0,0,0,0,0,-999996.0,0,0,0,0,0,0,0,0
2014/4/2 上午 12:00:00,0,0,0,0,0,0,0,0,0,0,0,0,1.5,5.5,1.0,0,0,0,0,0,0,0,0,0
2014/4/3 上午 12:00:00,0,0,0,0,0,0,0,0.5,0,0.5,0,0,0,0,0,0,0,-999996.0,0,0,0,0,0,0
2014/4/4 上午 12:00:00,0,0,0,0,0,0,0,0,0,0,0,0,0,0,0,0,0,0,0,0,0,0,0,0
2014/4/5 上午 12:00:00,0,0,0,0,0,0,0,0,0,0,0,0,0,0,0,0,0,0,0,0,0,0,0,0
2014/4/6 上午 12:00:00,0,-999996.0,0,0,0,0,0,0,0,0,0,0,0,0,0,0,0,0,0,0,-999996.0,0,0,0
2014/4/7 上午 12:00:00,0,0,0,0,0,0,0,0,0,0,0,0,0,0,0,0,0,0,0,0,0,0,0,0
2014/4/8 上午 12:00:00,0,0,0,0,0,0,0,0,0,0,0,0,0,0,0,0,0,-999996.0,0,0,0,0,0,0
2014/4/9 上午 12:00:00,0,0,0,0,0,0,0,0,0,0,0,0,0,0,0,0,0,0,0,0,0,0,0,0
2014/4/10 上午 12:00:00,0,0,0,0,0,0,0,0,0,0,0,0,0,0,0,0,0,0,0,0,0,0,0,0
2014/4/11 上午 12:00:00,0,0,0,0,0,0,0,0,-999996.0,0,0,0,0,-999996.0,0,0,0,0,0,0,0,0,0,0
2014/4/12 上午 12:00:00,0,0,0,0,0,0,0,0,0,0,0,0,0,0,0,0,0,0,0,0,0,0,0,0
2014/4/13 上午 12:00:00,0,0,0,0,0,0,0,0,0,0,0,0,0,0,0,0,0,0,0,0,0,0,0,0
2014/4/14 上午 12:00:00,0,0,0,0,0,0,0,0,0,0,0,0,0,0,0,0,0,0,0,0,0,0,0,0
2014/4/15 上午 12:00:00,0,0,0,0,0,0,0,0,0,0,0,0,0,0,0,0,0,0,0,0,0,0,0,0.5
2014/4/16 上午 12:00:00,0,0,0,0,0,0,0,0,0,0,0,0,0,0,0,0,0,0,0,0,0,0,0,0
2014/4/17 上午 12:00:00,0,0,0,0,0,0,0,0,0,0,0,0,0,0,0,0,0,0,0,0,0,0,0,0
2014/4/18 上午 12:00:00,0,0,0,-999996.0,0,0,0,0,0,0,0,0,0,0,0,0,0,0,0,0,0,0,0,0
2014/4/19 上午 12:00:00,0,0,0,0,0,0,0,0,0,0,0,0,0,0,0,0,0,0,0,0,0,0,0,0
2014/4/20 上午 12:00:00,0,0,0,0,0,0,0,0,0,0,0,0,0,-999996.0,0,0,0,0,0,0,0,0,0,0
2014/4/21 上午 12:00:00,0,0,0,0,0,0,0,0,0,0,0,0,0,0,0,0,0,0,0,0,0,0,0,0
2014/4/22 上午 12:00:00,0,0,0,0,0,0,0,0,0,0,0,0,0,0,0,0,0,0,0,0,0,0,0,0
2014/4/23 上午 12:00:00,0,0,0,0,0,0,0,0,0,0,0,0,0,0,0,0,0,-999996.0,0,0,0,0,0,0
2014/4/24 上午 12:00:00,0,0,-999996.0,0,0,0,0,0,0,0,0,0,0,0,0,0,0,0,0,0,0,0,0,0
2014/4/25 上午 12:00:00,0,0,0,-999996.0,0,0,0,0,0,-999996.0,0,0,0,0,0,0,0,0,0,0,0,0,0,0
2014/4/26 上午 12:00:00,0,0,0,0,0,0,0,0,0,0,0,0,0,0,0,0,0,0,0,0,0,0,0,0
2014/4/27 上午 12:00:00,0,0,0,0,0,0,0,0,0,0,0,0,0,0,0,0,0,0,-999996.0,0,0,0,0,0
2014/4/28 上午 12:00:00,0,0,0,-999996.0,0,0,0,0,0,0,0,0,0,0,0,0,0,0,0,0,0,0,0,0
2014/4/29 上午 12:00:00,0,0,0,0,0,0,0,0,0,0,0,0,0,0,0,0,0,0,0,0,0,0,0,0
2014/4/30 上午 12:00:00,0,0,0,0,0,0,0,0,0,0,0,0,0,0,0,0,0,0,0,0,0,0,0,0
2014/5/1 上午 12:00:00,0,0,0,0,0,0,0,0,0.5,0,0,0,0,0,0,0,0,0,0,0,0,0,0,0
2014/5/2 上午 12:00:00,0,0,0,0,0,0,0,0,0,0,0,0,0,0,0,0,0,0,0,0,0,0,0,0
2014/5/3 上午 12:00:00,0,0,0,0,0,-999996.0,0,0,0,0,0,0,0,0,0,0,0,-999996.0,0,0,0,0,0,0
2014/5/4 上午 12:00:00,0,0,0,0,0,0,0,0,0,0,0,0,0,0,0,0,0,0,0,0,0,0,0,0
2014/5/5 上午 12:00:00,0,0,0,0,0,2.0,13.0,0.5,0,0,0,0,0,0,0,0,0,0,0,0,0,0,0,0
2014/5/6 上午 12:00:00,0,0,0,0,0,0,0,0,0,0,0,0,0,0,0.5,0,0,0,1.0,0.5,0,0,0,0
2014/5/7 上午 12:00:00,0.5,0,0,0,0,0,0,0,0,0,0,0,0,0,0,0,0,0,0,0,0,0,0,0
2014/5/8 上午 12:00:00,0,0,0,0,0,0,0,0,0,0,0,0,0,0,0,0,0,0,0,0,0,0,0,0
2014/5/9 上午 12:00:00,0,0,0,0,0,0,0,1.5,0,0,0,0.5,0.5,0.5,3.5,6.0,3.5,0,0,0.5,0,0,0,0
2014/5/10 上午 12:00:00,0,0.5,0.5,0,0,0,0,0,0,0,0,0,0,0,0,0,0,0,0,0,0,0,0,0
2014/5/11 上午 12:00:00,0,0,0,0,0,0,0,0,0,0,0,0,0,0,0,0,0,0,-999996.0,0,0,0,0,0
2014/5/12 上午 12:00:00,0,0,0,0,0,0,0,0,0,0,0,0,0,0,0,0,20.0,1.0,0,0,0,0,0,0
2014/5/13 上午 12:00:00,0,0,0,0,0,0,0,0,0,0,0,0,0,1.0,0,0,5.0,0,0,0,0,0,0,0
2014/5/14 上午 12:00:00,0,0,0,0,0,0,-999996.0,0,0,0,0,0,0,0,0,0,0,0,0,0,0,0,0,0
2014/5/15 上午 12:00:00,0,0,0,0,0,0,-999996.0,0,0,0,0,0,0,0,0,0,0,0,0,0,0,0,0,0
2014/5/16 上午 12:00:00,0,0,0,0,0,0,0,0,0,0,0,0,0,0,0,0,0,0,0,0,0,0,0,0
2014/5/17 上午 12:00:00,0,0,0,0,0,0,0,0,0,0,0,0,0,0,0,0,0,0,0,0,0,0,0,0
2014/5/18 上午 12:00:00,0,0,0,0,0,0,0,0,0,0,0,0,0,0,0.5,0,0,0,0,0,0,0,0,0
2014/5/19 上午 12:00:00,0,0,0,0,0,0,0,0,0,0,2.5,0,0,0.5,0.5,0,0,0,0,0,0,-999996.0,1.0,0.5
2014/5/20 上午 12:00:00,0,0,-999996.0,0,0,0,0,0,0,-999996.0,0.5,0,9.5,0,0,6.0,3.5,2.0,0,0,0,0,0,0
2014/5/21 上午 12:00:00,0,1.0,6.0,0,0,0,0,0,0,0,0,0.5,0,0,0,0,0.5,0,0.5,0,0,0,0,0
2014/5/22 上午 12:00:00,0,0,0,0,0,0,0,0,0,0,0,0,0,0,0,0,0,0,0,0,0,0,0,0
2014/5/23 上午 12:00:00,0,0,0,0,0,0,0,0,0,0,0,0,0,0,0,8.5,0.5,0,0,0,0,0,0,0
2014/5/24 上午 12:00:00,0,0,0,0,0,0,0,0,-999996.0,0,0,0,0,0,0,0,0,0,0,0,0,0,0,0
2014/5/25 上午 12:00:00,0,0,0,0,0,0,0,0,0,0,0,0,0,0,0,0,0,0,0,0,0,0,0,0
2014/5/26 上午 12:00:00,0,0,0,0,0,0,0,0,0,0,0,0,0,0,0,0,0,0,0,0,0,0,0,0
2014/5/27 上午 12:00:00,0,0,0,19.5,8.0,11.5,1.0,0.5,0,0,0,0,0,0,0,0,0,0,0,0,0,0,0,0
2014/5/28 上午 12:00:00,0,0,19.0,0,0,0,0,1.0,5.0,0,0.5,1.5,0,0,0,0,0,0,0,0,11.5,3.5,0,0
2014/5/29 上午 12:00:00,0,0,0,0,0,0,0,0,0,0,-999996.0,0,0,0,0,0,0,0,0,0,0,0,0,0
2014/5/30 上午 12:00:00,0,0,0,0,0,0,0,0,0,0,0,0,0,0,0,0,0,0,0,0,0,0,0,0
2014/5/31 上午 12:00:00,0,0,0,0,0,0,0,0,-999996.0,0,0,0,0,0,0,0,0,0,-999996.0,0,0,0,0,0
2014/6/1 上午 12:00:00,0,0,0,0,0,0,0,0,0,0,0,0,0,0,0,0,0,0,-999996.0,0,0,0,0,0
2014/6/2 上午 12:00:00,0,0,0,0,0,0,0,0,0,0,0,0,0,0,0,0,0,0,0,0,0,0,0,0
2014/6/3 上午 12:00:00,0,0,0,0,0,0,0,0,0,7.5,0,6.0,0,0,0,1.0,0,0,0,0,0,0,0,0
2014/6/4 上午 12:00:00,0,0,0,0,0,0,0,0,0,1.0,0,0,0,0,0,0,0,0,0,0,0,0,0,0
2014/6/5 上午 12:00:00,0,0,0,0,0,0,0,-999996.0,0,0,2.0,1.5,2.0,3.5,0.5,0,0,0,0,0,0,0,0,0
2014/6/6 上午 12:00:00,0,0,0,0,0,0,4.5,7.5,0,0,0,0,0,0,0,0,0,0,0,0,0,0,0,0
2014/6/7 上午 12:00:00,0,0,0,0,0,0,0,0,0,0,0,0,0,0,5.5,3.0,2.0,0,0,0,0,-999996.0,0,0
2014/6/8 上午 12:00:00,0,0,0,0,0,0,0,0,0,0,0,0,0,0,0,0,1.0,-999996.0,0,0,0,0,0,0
2014/6/9 上午 12:00:00,0,0,0,0,0,0,0,0,0,0,0,0,0,0,0,0,0,1.0,0,0,0,0,0,0
2014/6/10 上午 12:00:00,0,0,0,0,0,0,0,0,-999996.0,0,0,0,0,0,0,0,0,0,0,0,0,0,0,0
2014/6/11 上午 12:00:00,0,0,0,0,0,0,0,0,0,0,0,0,0,0,0,0,0,0,0,0,0,0,0,0
2014/6/12 上午 12:00:00,0,0,0,0,0,0,0,0,0,0,0,0,0,0,0,0,2.0,0,0,0,0,0,0,0
2014/6/13 上午 12:00:00,0,0,0,0,0,0,0,0,0,0,0,0,0,7.0,0,0,0,0,0,0,0,0,0,0
2014/6/14 上午 12:00:00,1.0,0.5,0.5,1.0,1.5,1.5,2.0,0.5,0,0,0,0,1.0,2.0,0.5,0,0,0,0.5,1.0,1.5,2.0,0,4.5
2014/6/15 上午 12:00:00,0,0,0,0,0,0,4.5,0,0,0,0.5,7.5,29.5,0.5,0,0,0,0,0,0,0,0,0,0
2014/6/16 上午 12:00:00,0,0,0,0,0,0,0,0,0,0,0,0,0,0,0,0.5,0,0,0.5,0,0,0,0,0
2014/6/17 上午 12:00:00,2.0,0,0,0,0,0,0,0,0,0,0,0,0,0,0,0,0,0,0,0,0,0,0,0
2014/6/18 上午 12:00:00,0,0,0,0,0,-999996.0,0,0,0,0,0,0,0,0,0,0,0,0,0,0,0,0,0,0
2014/6/19 上午 12:00:00,0,0,0,0,0,0,0,0,0,0,0,0,0,0,0,0,0,0,0,0,0,0,0,0
2014/6/20 上午 12:00:00,0,0,0,0,0,0,0,0,0,0,0,0,0,0,0,0,0,0,0,0,0,0,0,0
2014/6/21 上午 12:00:00,0,0,0,0,0,0,0,0,0,0,0,0,0,0,0,0,0,0,0,0,0,0,0,0
2014/6/22 上午 12:00:00,0,0,0,0.5,0,0,0,0,0,0,0,0,0.5,0,0,0,0,0,0,0,0,0,0,0
2014/6/23 上午 12:00:00,0,-999996.0,0,0,0,0,0,0,0,0,0,0,0,0,0,0,0,0,0,0,0,0,0,0
2014/6/24 上午 12:00:00,0,1.0,20.5,0,0,0,0,0,0,0,0,0,0,0,0,0,0,0,0,0,0,0,0,0
2014/6/25 上午 12:00:00,0,6.0,0,0,0,0,0,2.5,0,0,0,0,0,0,0,0,0,0,0,0,0,0,0,0
2014/6/26 上午 12:00:00,0,0,0,0,0,0,0,0,0,0,0,0,0,0,0,-999996.0,0,0,0,0,0,0,0,0
2014/6/27 上午 12:00:00,0,0,0,0,0,0,0,0,0,0,0,0,0,0,0,0,0,0,0,0,0,0,0,0
2014/6/28 上午 12:00:00,0,0,0,0,0,0,0,0,0,0,0,0,0,0,0,0,0,0,0,14.0,30.5,0,0,0
2014/6/29 上午 12:00:00,0,0,0,0,0,0,0,0,0,0,0,0,0,0,0,0,0,0,0,0,0,0,0,0
2014/6/30 上午 12:00:00,0,0,0,0,0,0,0,0,0,0,0,0,0,0,0,0,0,0,0,0,0,-999996.0,-999996.0,0
2014/7/1 上午 12:00:00,0,0,0,0,0,0,0,0,0,0,0,0,0,0,0,0,0,0,0,0,0,0,0,0
2014/7/2 上午 12:00:00,0,0,0,0,0,0,0,0,0,0,0,0,0,0,0,0,0,0,0,0,0,0,0,0
2014/7/3 上午 12:00:00,0,0,0,0,0,0,0,0,0,0,0,0,0,0,0,0,0,0,0,0,0,0,0,0
2014/7/4 上午 12:00:00,0,0,0,0,0,0,0,0,0,0,0,0,0,0,0,0,0,0,0,0,0,0,0,0
2014/7/5 上午 12:00:00,0,0,0,0,0,0,0,0,0,0,0,0,0,0,0,0.5,-999996.0,0,0,0,0,0,0,0
2014/7/6 上午 12:00:00,0,0,0,0,0,0,0,0,-999996.0,0,0,-999996.0,0,0,0,0,0,0,0,0,-999996.0,0,0,0
2014/7/7 上午 12:00:00,0,0,0,0,0,0,0,0,0,0,0,0,0,0,0,0,0,0,0,0,0,0,0,0
2014/7/8 上午 12:00:00,0,0,0,0,0,0,0,0,0,0,0,0,0,0,0,0,0,0,0,0,0,0,0,0
2014/7/9 上午 12:00:00,0,0,1.5,9.5,0,0,2.5,2.0,0,0,0,0,0,0,0,0,0,0,0,0,0,0,0,0
2014/7/10 上午 12:00:00,0,0,0,0,3.5,0,0,0,0,0,0,0,0,0,0,0,0,0,0,0,0,0,0,0
2014/7/11 上午 12:00:00,0,0,0,0,0,0,0,0,0.5,0,0,0,0,0,0,0,0,0,0,0,0,0,0,0
2014/7/12 上午 12:00:00,0,0,0,0,0,0,0,0,0,0,0,0,0,0,0,0,0,0,0,0,0,0,0,0
2014/7/13 上午 12:00:00,0,0,0,0,0,0,0,0,0,0,0,0,0,0,0,0,0,0,0,0,-999996.0,0,0,0
2014/7/14 上午 12:00:00,0,0,0,0,0,0,0,0,0,0,0,0,0,0,0,0,0,0,0,0,0,0,0,0
2014/7/15 上午 12:00:00,0,0,0,0,0,0,0,0,0,0,0,0,0,0,0,0,0,0,0,-999996.0,0,0,0,0
2014/7/16 上午 12:00:00,0,0,0,0,0,0,0,0,0,0,0,0,0,0,0,0,0.5,0,0,0,0,0,0,0
2014/7/17 上午 12:00:00,0,0,0,0,0,0,0,0,0,0,0,0,0,0,2.0,2.0,0.5,0,0,0,0,0,0,0
2014/7/18 上午 12:00:00,0,0,0,0,0,0,0,0,0,0,0,7.5,1.0,0,0.5,0,0,0,0,0,0,0,0,0
2014/7/19 上午 12:00:00,0,0,0,0,0,0,0,-999996.0,0,0,0,0,0,0,0,10.5,2.0,2.0,0,0,0,0,0,0
2014/7/20 上午 12:00:00,0,0,0,0,0,0,0,0,-999996.0,0,0,0,0,0,0,0,0,0,0.5,0.5,0,0,0,0
2014/7/21 上午 12:00:00,0,0,0,0,0,0,0,0,0,0,0,0,0,0,0,0,0,0,0,0,0,0,0,0
2014/7/22 上午 12:00:00,0,0,0,0,-999996.0,0,0,0,0,0,0,0,0,0,0,1.0,0.5,1.0,0.5,0,0,0,0,0.5
2014/7/23 上午 12:00:00,1.5,3.0,7.5,3.5,0.5,21.0,12.5,2.0,0,0,8.5,0.5,14.5,0,4.0,0,3.0,0,0,0,0,0,0,0
2014/7/24 上午 12:00:00,0,0,0,0,0,0,0,1.0,0,-999996.0,0,0,0,0,9.5,12.5,0,0,0,0,0.5,0,0,0
2014/7/25 上午 12:00:00,0,0,0,1.5,0,0,0,2.5,23.0,1.0,0,0,0,0,0,0,0,0,0,0,0,0,0,0
2014/7/26 上午 12:00:00,0,0,0,0,0,0,0,0,0,0,0,0,0,0.5,0,0,0,0,0,0,0,0,0,0
2014/7/27 上午 12:00:00,0,0,0,0,0,0,0,0,0,0,0,0,0,0,-999996.0,0,14.5,5.5,0.5,0,0,0,0,0
2014/7/28 上午 12:00:00,0,0,0,0,0,0,0,0,0,0,0,0,0,0,0,0,0,0,0,0,0,0,0,0
2014/7/29 上午 12:00:00,0,0,0,0,0,0,0,0,0,0,0,0,0,0,0,0,0,0,0,0,0,0,0,0
2014/7/30 上午 12:00:00,0,0,0,0,0,0,0,0,0,0,0,0,0,0,0,0,0,0,0,0,0,0,0,0
2014/7/31 上午 12:00:00,0,0,0,0.5,7.0,0,0,0,0,0,0.5,0,0,0,0,0,0,0,0,0,0,0,0,0
2014/8/1 上午 12:00:00,0,0,0,0,0,0,0,0,0,0,0,0,0,0,0,0,0,0,0,0,0.5,0,0,0
2014/8/2 上午 12:00:00,0,5.0,4.0,0,0.5,0,6.5,1.5,0,0,0,0,0,0,0,0,0,0,0,0,0,0,0,0
2014/8/3 上午 12:00:00,0,0,0,0,0,-999996.0,0,0,0,0,0,0,0,0,0,0,0,0,0,0,0,0,0,0
2014/8/4 上午 12:00:00,0,0,0,0,0,0,0,-999996.0,0,0,0,0,0,0,0,0,0,0,0,0,0,0,0,0
2014/8/5 上午 12:00:00,0,0,0,0,0,0,0,0,-999996.0,0,0,0,0,0,0,0,0,0.5,0,0,0,0,0,0
2014/8/6 上午 12:00:00,0,0,0,0,0,0,0,0,0,0,0,0,0.5,0,0,0,0,0,0,0,0,0,0,10.0
2014/8/7 上午 12:00:00,39.0,1.0,0,0.5,0,0,0,0,0,1.0,0,0,0,0,0,0,0,0,0,1.0,24.0,31.5,18.0,1.5
2014/8/8 上午 12:00:00,0,0,14.5,8.0,0,0,4.5,9.0,0.5,0,0,0,0,0,0,0,0,0,0,0,0,0,0,0
2014/8/9 上午 12:00:00,0,0,0,0,0,-999996.0,0,4.5,0.5,1.0,8.0,10.0,1.5,0.5,3.0,2.0,3.5,0.5,0,7.0,3.0,9.5,0.5,17.0
2014/8/10 上午 12:00:00,24.0,38.5,2.0,36.0,40.0,8.0,7.0,1.0,22.0,51.5,15.5,0.5,0,1.5,0,0,2.0,0,1.0,0,0,0,0,0
2014/8/11 上午 12:00:00,0,0,0,31.0,47.0,3.5,3.0,3.5,0,0,0,0.5,5.0,0,0,0,0,0,0,0,0,0,0,16.5
2014/8/12 上午 12:00:00,5.0,0.5,0.5,0,0.5,1.5,5.0,31.0,49.0,29.5,8.5,15.0,38.0,6.5,6.0,16.5,25.0,8.5,2.0,0.5,0,0,4.5,10.5
2014/8/13 上午 12:00:00,7.0,5.0,2.5,0,0.5,10.0,21.0,33.5,10.5,3.0,0,6.5,14.5,3.5,1.0,0.5,0,0,0,0,0,0,0,0
2014/8/14 上午 12:00:00,2.0,0.5,-999996.0,0,0.5,0,3.5,23.5,1.0,0,0,0,0,0,0,0,0,0,0,0,0,0,0,0
2014/8/15 上午 12:00:00,0,0,0,0,0,0,0,0,0,0,0,0,0,0,0,0,0,0,0,0,0,0,0,0
2014/8/16 上午 12:00:00,0,0,0,0,0,0,0,0,0,0,0,0,0,0,0,0,0,0,0,0,0,0,0,0
2014/8/17 上午 12:00:00,0,0,0,0,0,0,0,0,0,-999996.0,0,0,0,0,0,0,0,-999996.0,0,0,0,0,0,0
2014/8/18 上午 12:00:00,0,0,0,0,0,0,0,0,0,0,0,0,0,0,0,0,0,0,0,0,0,0,6.0,-999996.0
2014/8/19 上午 12:00:00,0,0,0,0,0,0,0,0,0,0,0,0,0,0,0,0,0,0.5,0,0,0,0,0,0.5
2014/8/20 上午 12:00:00,0,0,1.0,2.0,0,0,0,0,0,0,0,0,0,0,-999996.0,0,0,0,0,0,0,0,0,0
2014/8/21 上午 12:00:00,0,0,0,0,0,0,0,0,0,0,0,0,0,0,0,0,0,0,0,0,0,0,0,0
2014/8/22 上午 12:00:00,0,0,0,0,0,0,0,0,0,0,0,0,0,0,0,0,0,0,0,0,1.0,0,0,0
2014/8/23 上午 12:00:00,0,0,0,0,0,0,0,0,0,0,0,0,0,0,0,0,0,0,0,0,0,0,0,0
2014/8/24 上午 12:00:00,0,0,0,0,0,0,0,0,0,0,0,0,0,0,0,0,0,0,0,0,0,0,0,0
2014/8/25 上午 12:00:00,0,0,0,0,0,0,0,0,0,0,0,0,0,3.0,0.5,0.5,0,0,0,4.0,0,0,0,0
2014/8/26 上午 12:00:00,-999996.0,0,0,0,0,0,0,0,0,0,0,0,0,0,0,0,0,0,0,19.5,0,0,0,0
2014/8/27 上午 12:00:00,0,0,0,0,0,0,-999996.0,0,0,0,0,0,0,0,0,0,0,0,0,0,0,0,-999996.0,0
2014/8/28 上午 12:00:00,0,0,0,0,0,0,0,0,0,0,0,0,0,0,0,0,-999996.0,0,0,0,0,0,0,0
2014/8/29 上午 12:00:00,0,0,0,0,0,0,0,0,0,0,0,0,0,0,0,0,0,0,0,0,0,0,0,0
2014/8/30 上午 12:00:00,0,0,0,0,0,0,0,0,0,0,0,0,0,0,0,-999996.0,0,0,0,0,0,0,0,0
2014/8/31 上午 12:00:00,0,0,0,0,0,0,0,0,0,0,0,0,0,0,0,0,0,0,0,0,0,0,0,0
2014/9/1 上午 12:00:00,0,0,0,0,0,0,0,0,0,0,0,0,0,0,0,0,0,0,0,0,0,0,0,0
2014/9/2 上午 12:00:00,0,0,0,0,0,0,0,0,0,0,0,0,0,0,0,0,0,0,0,0,0,0,0,0
2014/9/3 上午 12:00:00,0,0,0,0,0,0,0,0,0,0,0,0,0,0,0,0,0,0,0,0,0,-999996.0,0,0
2014/9/4 上午 12:00:00,0,0,0,0,0,0,0,0,0,0,0,0,0,0,0,0,0,0,0,0,0,0,0,0
2014/9/5 上午 12:00:00,0,0,0,0,0,0,0,0,0,0,0,0,0,0,0,0,0,0,0,0,0,0,0,0
2014/9/6 上午 12:00:00,0,0,0,0,0,0,0,0,0,0,0,0,0,0,0,0,0,0,0,0,0,0,0,0
2014/9/7 上午 12:00:00,0,0,0,0,0,0,0,0,0,0,0,0,0,0,0,0,0,0,0,0,0,0,0,0
2014/9/8 上午 12:00:00,0,0,0,0,0,0,0,0,0,0,0,-999996.0,0,0,0,0,0,0,0,0,0,0,0,0
2014/9/9 上午 12:00:00,0,-999996.0,0,0,0,0,0,0,0,0,0,0,0,0,0,0,0,0,0,0,0,0,0,0
2014/9/10 上午 12:00:00,0,0,0,0,0,0,0,0,0,0,0,0,0,0,0,0,0,0,0,0,0,0,0,0
2014/9/11 上午 12:00:00,0,0,-999996.0,0,0,0,0,0,0,0,0,0,0,0,0,0,0,0,0,0,0,0,0,0
2014/9/12 上午 12:00:00,0,0,0,0,0,-999996.0,0,0,0,0,0,0,0,0,0,0,0,0,0,0,0,0,0,0
2014/9/13 上午 12:00:00,0,0,0,0,0,0,0,0,0,0,0,0,0,0,0,0,0,0,0,0,0,0,0,0
2014/9/14 上午 12:00:00,0,0,0,0,0,0,0,0,0,0,0,0,0,0,0,0,0,0,0,0,0,0,0,0
2014/9/15 上午 12:00:00,0,0,0,0,0,0,0,0,0,0,0,0,0,0,0,0,0,0,0,0,0,0,0,0
2014/9/16 上午 12:00:00,0,0,0,0,0,-999996.0,0,0,0,0,0,0,0,0,0,0,0,0,0,0,0,0,0,0
2014/9/17 上午 12:00:00,0,0,0,0,0,0,0,0,0,0,0,0,0,0,0,0,0,0,0,0,0,0,0,0
2014/9/18 上午 12:00:00,0,0,0,0,0,0,0,0,0,0,0,0,0,0,0,0,0,0,0,0,0,0,0,0
2014/9/19 上午 12:00:00,0,0,0,0,0,0,0,0,0,0,0,0,0,0,0,0,0,0,0.5,0,0,0,0,0
2014/9/20 上午 12:00:00,0,0,0,0,0,0,0,0,0,0,0,0,0.5,0,0,0,5.0,0,0,0.5,0,2.0,0.5,0.5
2014/9/21 上午 12:00:00,1.0,0.5,0.5,3.5,1.5,3.5,3.5,1.5,6.0,4.0,1.0,2.0,2.0,4.5,6.5,1.5,0,0,0,1.0,0,1.0,0,0
2014/9/22 上午 12:00:00,0,0,0,0,0,0,0,0,0,0,0,0,0,0,0,0,0,0,0,0,0,0,0,0
2014/9/23 上午 12:00:00,0,0,0,0,0,0,0,0,6.5,19.0,2.5,0,0,0,1.5,0,0,0,0,0,0,0,0,0
2014/9/24 上午 12:00:00,0,0,0,0,0,0,0,0,0,0,0,0,0,0,0,0,0,0,0,0,0,0,0,0
2014/9/25 上午 12:00:00,0,0,-999996.0,0,0,0,0,0,0,0,0,0,0,0,0,0,0,0,0,0,-999996.0,0,0,0
2014/9/26 上午 12:00:00,0,0,0,0,0,0,0,0,0,0,0,0,0,0,0,0,0,0,0,0,0,0,0,0
2014/9/27 上午 12:00:00,-999996.0,0,0,0,0,0,0,0,0,0,0,0,0,0,0,0,0,0,0,-999996.0,0,0,0,0
2014/9/28 上午 12:00:00,0,0,0,0,0,0,0,0,0,0,0,0,0,0,0,0,0,0,0,0,0,0,0,0
2014/9/29 上午 12:00:00,0,0,0,0,0,0,0,0,0,0,0,0,0,0,0,0,-999996.0,0,0,0,0,0,0,0
2014/9/30 上午 12:00:00,0,0,0,0,0,0,0,0,0,0,0,0,0,0,0,0,0,0,0,0,0,0,0,0
2014/10/1 上午 12:00:00,0,0,0,0,0,0,0,0,0,0,0,0,0,0,0,0,0,0,0,0,0,-999996.0,0,0
2014/10/2 上午 12:00:00,0,0,0,0,0,0,0,0,0,0,0,0,0,0,0,0,1.5,0,0,0,0,0,0,0
2014/10/3 上午 12:00:00,0,0,0,0,0,0,0,0,0,0,0,0,0,0,0,0,0,0,0,0,0,0,-999996.0,0
2014/10/4 上午 12:00:00,0,0,0,0,0,0,0,0,0,0,0,0,0,0,0,0,0,0,0,0,0,0,0,0
2014/10/5 上午 12:00:00,0,0,0,0,0,0,0,0,0,0,0,0,0,0,0,0,0,0,0,0,0,0,0,0
2014/10/6 上午 12:00:00,0,0,0,0,0,0,0,0,0,0,-999996.0,0,0,0,0,0,0,0,0,0,0,0,0,0
2014/10/7 上午 12:00:00,0,0,0,-999996.0,0,0,0,0,0,0,0,0,0,0,0,0,0,0,0,0,0,0,0,0
2014/10/8 上午 12:00:00,0,0,0,0,0,0,0,0,0,0,0,0,0,0,0,0,0,0,0,0,0,0,0,0
2014/10/9 上午 12:00:00,0,0,0,0,0,0,0,0,0,0,0,0,0,0,0,0,0,0,0,0,0,0,0,0
2014/10/10 上午 12:00:00,0,0,0,0,0,0,0,0,0,0,0,0,0,0,0,0,0,0,0,0,0,0,0,0
2014/10/11 上午 12:00:00,0,0,0,0,0,0,0,0,0,0,0,0,0,0,0,0,0,0,0,0,-999996.0,0,0,0
2014/10/12 上午 12:00:00,0,0,0,0,0,0,0,0,0,0,0,0,0,0,0,0,-999996.0,0,0,0,0,0,0,0
2014/10/13 上午 12:00:00,0,0,0,0,0,0,-999996.0,0,0,0,0,0,0,0,0,0,0,0,0,0,0,0,0,0
2014/10/14 上午 12:00:00,0,0,0,0,0,0,0,0,0,0,0,-999996.0,0,0,0,0,0,0,0,0,0,0,0,0
2014/10/15 上午 12:00:00,0,0,0,0,0,-999996.0,0,0,0,0,0,0,0,0,0,0,0,0,0,0,0,0,0,0
2014/10/16 上午 12:00:00,0,0,0,0,0,0,0,0,0,0,0,0,0,0,0,0,0,0,0,0,0,0,0,0
2014/10/17 上午 12:00:00,0,0,0,0,0,0,0,0,0,0,0,0,0,0,0,0,0,0,0,0,0,0,0,0
2014/10/18 上午 12:00:00,0,0,0,0,0,0,0,0,0,0,0,0,0,0,0,0,0,0,0,0,0,0,0,0
2014/10/19 上午 12:00:00,0,0,0,0,0,0,0,0,0,0,0,-999996.0,0,0,0,0,0,0,0,0,0,0,0,0
2014/10/20 上午 12:00:00,0,0,0,0,0,0,0,0,0,0,0,0,0,0,0,0,0,0,0,0,0,0,0,0
2014/10/21 上午 12:00:00,0,0,0,0,0,0,0,0,0,0,0,0,0,0,0,0,0,0,-999996.0,0,0,0,0,-999996.0
2014/10/22 上午 12:00:00,0,0,0,0,0,0,0,-999996.0,0,0,0,0,0,0,0,0,0,0,0,0,0,0,0,0
2014/10/23 上午 12:00:00,0,0,0,0,0,0,0,0,0,0,0,0,0,0,0,0,0,0,0,0,0,0,0,0
2014/10/24 上午 12:00:00,0,0,0,0,0,0,0,0,0,0,0,0,0,0,0,0,0,0,0,0,0,0,0,0
2014/10/25 上午 12:00:00,0,0,0,0,0,0,0,0,0,0,0,0,0,0,0,0,0,0,0,0,0,0,0,-999996.0
2014/10/26 上午 12:00:00,0,0,0,0,0,0,0,0,0,0,0,0,0,0,0,0,0,0,0,0,0,0,0,0
2014/10/27 上午 12:00:00,0,0,0,0,0,0,0,0,0,0,0,0,0,0,0,0,0,0,0,0,0,0,0,0
2014/10/28 上午 12:00:00,0,0,0,0,0,0,0,-999996.0,0,0,0,0,0,0,0,0,0,0,0,0,0,0,0,0
2014/10/29 上午 12:00:00,0,0,0,0,0,0,0,0,0,0,0,0,0,0,0,0,0,0,0,0,0,0,0,0
2014/10/30 上午 12:00:00,0,0,0,0,0,0,0,0,0,0,0,0,0,0,0,0,0,0,0,0,0,0,0,0
2014/10/31 上午 12:00:00,0,0,0,0,0,0,0,0,0,0,0,0,0,0,0,0,0,0,0,0,0,0,0,0
2014/11/1 上午 12:00:00,0,0,0,0,0,0,0,0,-999996.0,0,0,0,0,0,0,0,0,0,0,0,0,0,0,0
2014/11/2 上午 12:00:00,0,0,0,0,0,0,0,0,0,0,0,0,0,0,0,0,0,0,0,0,0,0,0,0
2014/11/3 上午 12:00:00,0,0,0,0,-999996.0,0,0,-999996.0,0,0,0,0,0,0,0,0,0,0,0,0,0,0,0,0
2014/11/4 上午 12:00:00,0,0,0,0,0,0,0,0,0,0,0,0,0,0,0,0,0,0,0,0,0,0,0,0
2014/11/5 上午 12:00:00,0,0,0,0,0,0,0,-999996.0,0,0,0,0,0,0,0,0,0,0,0,0,0,0,0,0
2014/11/6 上午 12:00:00,0,0,0,0,0,0,0,0,0,0,0,0,0,0,0,0,0,0,0,0,0,0,0,0
2014/11/7 上午 12:00:00,0,0,0,0,-999996.0,0,0,0,0,0,0,0,0,0,0,0,0,0,0,0,0,0,0,0
2014/11/8 上午 12:00:00,0,0,0,0,0,0,0,0,0,0,0,0,0,0,0,0,0,0,0,-999996.0,0,0,0,0
2014/11/9 上午 12:00:00,0,0,0,0,0,0,0,0,0,0,0,0,0,0,0,0,0,0,0,0,0,0,0,0
2014/11/10 上午 12:00:00,0,0,0,0,0,0,0,0,0,0,0,0,0,0,0,0,0,0,0,0,0,0,0,0
2014/11/11 上午 12:00:00,0,0,0,0,0,0,0,0,0,0,0,-999996.0,0,0,0,0,0,0,0,0,0,0,0,0
2014/11/12 上午 12:00:00,0,0,0,0,0,0,0,0,0,0,0,0,0,0,0,0,0,0,0,0,0,0,0,0
2014/11/13 上午 12:00:00,0,0,0,0,0,0,0,0,0,0,0,0,0,0,0,0,0,0,0,0,0,0,0,0
2014/11/14 上午 12:00:00,-999996.0,-999996.0,0,0,0,0,0,0,0,0,0,0,0,0,0,0,0,0,0,0,0,0,0,0
2014/11/15 上午 12:00:00,0,0,0,0,0,0,0,0,0,0,0,-999996.0,0,0,0,0,0,0,0,0,0,0,0,0
2014/11/16 上午 12:00:00,0,0,0,0,0,0,0,0,0,0,0,0,0,0,0,0,0,0,-999996.0,0,0,0,0,0
2014/11/17 上午 12:00:00,0,0,0,0,0,0,0.5,0,0,0,0,0,0.5,0,0,0,0,0,0,0,0,-999996.0,0,0
2014/11/18 上午 12:00:00,0,0,0,0,0,0,0,0,0,0,0,0,0,0,0,0,0,0,0,0,0,0,0,0
2014/11/19 上午 12:00:00,0,0,-999996.0,0,0,0,0,0,0,0,0,0,0,0,0,0,0,0,0,0,0,0,0,0
2014/11/20 上午 12:00:00,0,0,0,0,0,0,0,0,0,0,0,0,0,0,0,0,0,0,0,0,0,0,0,0
2014/11/21 上午 12:00:00,0,0,0,0,0,0,0,0,0,0,0,0,0,0,0,0,0,0,0,0,0,0,0,-999996.0
2014/11/22 上午 12:00:00,0,0,0,0,0,0,0,0,0,0,0,0,0,0,0,0,0,0,0,-999996.0,-999996.0,0,0,0
2014/11/23 上午 12:00:00,0,0,0,0,0,0,0,0,0,0,0,0,0,0,0,0,0,0,0,0,0,0,0,0
2014/11/24 上午 12:00:00,0,0,0,0,0,0,0,0,0,0,0,0,0,0,0,0,0,0,0,0,0,0,0,0
2014/11/25 上午 12:00:00,0,0,0,0,0,0,0,0,0,0,0,-999996.0,-999996.0,0,0,0,0,0,0,0,0,0,0,0
2014/11/26 上午 12:00:00,0,0,0,0,0,0,0,0,0,0,0,0,0,0,0,0,0,0,0,0,0,0,0,0
2014/11/27 上午 12:00:00,-999996.0,0,0,0,0,0,0,0,0,0,0,0,0,0,0,0,0,0,0,0,0,0,0,0
2014/11/28 上午 12:00:00,0,0,0,0,0,0,0,0,0,0,0,0,0,0,0,0,0,0,0,0,0,0,0,0
2014/11/29 上午 12:00:00,0,0,0,0,0,0,0,0,0,0,0,0,0,0,0,0,0,0,0,0,0,0,0,0
2014/11/30 上午 12:00:00,0,0,0,0,0,0,0,0,0,0,0,0,0,0,0,0,0,0,0,0,0,0,0,0
2014/12/1 上午 12:00:00,0,0,0,-999996.0,0,0,0,-999996.0,0,0,0,0,0,0,0,0,0,0,0,0,0,0,-999996.0,0
2014/12/2 上午 12:00:00,0,0,0,0,0,0,0,0,0,0,0,0,0,0,0,0,0,0,0,0,0,0,0,0
2014/12/3 上午 12:00:00,0,0,0,0,0,0,0,0,0,0,0,0,0,0,0,0,0,0,0,0,0,0,0,0
2014/12/4 上午 12:00:00,0,0,0,0,0.5,0.5,0,0.5,0,0,0,0,0,0,0,0,0,0,0,0,0,0,0,0
2014/12/5 上午 12:00:00,0,0,0,1.0,1.0,0,0,0,0,0,0,0,0,0,0,0,0,0,0,0,-999996.0,0,0,0
2014/12/6 上午 12:00:00,0,0,0,0,0,0,0,0,0,0,0,0,0,0,0,0,0,0,0,0,0,0,0,0
2014/12/7 上午 12:00:00,0,0,0,0,0,0,0,0,0,0,0,0,0,0,0,0,0,0,0,0,0,0,0,0
2014/12/8 上午 12:00:00,0,0,0,0,0,0,0,0,0,0,0,0,0,0,0,0,0,0,0,0,0,0,0,0
2014/12/9 上午 12:00:00,0,0,0,0,0,0,0,0,0,0,0,0,0,0,0,0,0,0,0,0,0,0,0,0
2014/12/10 上午 12:00:00,0,0,0,0,0,0,0,0,0,0,0,0,0,-999996.0,0,0,0,0,0,0,0,0,0,0
2014/12/11 上午 12:00:00,0,0,0,0,0,0,0,0,0,0,0,0,0,0,0,0,0,0,0,0,0,0,0,0
2014/12/12 上午 12:00:00,0,0,0,0,0,0,0,0,0,0,0,0,0,0,0,0,0,0,0,0,0,0,0,0
2014/12/13 上午 12:00:00,0,0,0,0,0,0,0,0,0,0,0,0,0,0,0,0,0,0,0,0,0,0,0,0
2014/12/14 上午 12:00:00,0,0,0,0,0,0,0,0,0,0,0,0,0,0,0,0,0,0,0,0,0,0,0,0
2014/12/15 上午 12:00:00,0,0,0,0,0,0,0,0,0,0,0,0,0,0,0,0,0,0,0,0,0,0,0,0
2014/12/16 上午 12:00:00,0,0,0,0,-999996.0,0,0,0,0,0,0,0,0,0,0,0,0,0,0,0,0,0,0,0
2014/12/17 上午 12:00:00,0,0,0,0,0,0,0,0,0,0,0,0,0,0,0,0,0,0,0,0,0,0,0,0
2014/12/18 上午 12:00:00,0,0,0,0,-999996.0,0,0,0,0,0,0,0,0,0,0,0,0,0,0,0,0,0,0,0
2014/12/19 上午 12:00:00,0,0,0,0,0,0,0,0,0,0,0,0,0,0,0,0,-999996.0,0,0,0,0,0,0,0
2014/12/20 上午 12:00:00,0,0,0.5,0,0,0,0,0,0,0,0,0,0,0,0,0,0,0,0,0,0,0,0,0
2014/12/21 上午 12:00:00,0,0,0,0,0,0,0,0,0,0,0,0,0,0,0,0,0,0,0,0,0,0,0,0
2014/12/22 上午 12:00:00,0,0,0,0,0,0,0,0,0,0,0,0,0,0,0,0,0,0,0,0,0,0,0,0
2014/12/23 上午 12:00:00,0,0,0,0,0,0,0,0,0,0,0,0,0,0,0,0,0,0,0,0,0,0,0,0
2014/12/24 上午 12:00:00,0,0,0,0,0,0,0,0,0,0,0,0,0,0,0,0,0,0,0,0,0,0,0,0
2014/12/25 上午 12:00:00,0,0,0,0,0,0,0,0,0,0,0,0,0,0,0,0,0.5,0,0.5,0,0,0.5,0,0
2014/12/26 上午 12:00:00,0,0,0,0,0,0,-999996.0,0.5,0,0,0,0,0,0,0,0,0,0,0,0,0,0,0,0
2014/12/27 上午 12:00:00,-999996.0,0,0,0,0,0,0,0,0,0,0,0,0,0,0,0,0,0,0,0,0,0,0,0
2014/12/28 上午 12:00:00,0,0,0,0,0,0,0,0,0,0,0,0,0,0,0,0,0,0,0,0,0,0,0,0
2014/12/29 上午 12:00:00,0,0,0,0,0,0,0,0,0,0,0,0,0,0,0,0,0,0,0,0,0,0,0,0
2014/12/30 上午 12:00:00,0,0,0,0,0,0,0,0,0,0,0,0,0,0,0,0,0,0,0,0,0,0,0,0
2014/12/31 上午 12:00:00,0,0,0,0,0,0,0,0,0,0,0,0,0,0,0,0,0,0,0,0,0,0,0,0
2015/1/1 上午 12:00:00,0,0,0,0,0,0,0,0,0,0,0,0,0,0,0,0,0,0,0,0,0,0,0,0
2015/1/2 上午 12:00:00,0,0,0,0,0,0,0,0,0,0,0,0,0,0,0,0,0,0,0,0,0,0,0,0
2015/1/3 上午 12:00:00,0,0,0,0,0,0,0,0,0,0,0,0,0,0,0,0,0,0,0,0,0,0,0,0
2015/1/4 上午 12:00:00,0,0,0,0,0,0,0,0,0,0,0,0,0,0,0,0,0,0,0,0,0,0,0,0
2015/1/5 上午 12:00:00,0,0,0,0,0,0,0,0,0,0,0,0,0,0,0,0,0,0,0,0,0,0,0,0
2015/1/6 上午 12:00:00,0,0,0,0,0,0,0,0,0,0,0,0,0,0,0,0,0,0,0,0,0,0,0,0
2015/1/7 上午 12:00:00,0,0,0,0,0,0,0,0,0,0,0,0,0,0,0,0,0,0,0,0,0,0,0,0
2015/1/8 上午 12:00:00,0,0,0,0,0,0,0,0,0,0,0,0,0,0,0,0,0,0,0,0,0,0,0,0
2015/1/9 上午 12:00:00,0,0,0,0,0,0,0,0,0,0,0,0,0,0,0,0,0,0,0,0,0,0,0,0
2015/1/10 上午 12:00:00,0,0,0,0,0,0,0,0,0,0,0,0,0,0,0,0,0,0,0,0,0,0,0,0
2015/1/11 上午 12:00:00,0,0,0,0,0,0,0,0,0,0,0,0,0,0,0,0,0,0,0,0,0,0,0,0
2015/1/12 上午 12:00:00,0,0,0,0,0,0,0,0,0,0,0,0,0,0,0,0,0,0,0,0,0,0,0,0
2015/1/13 上午 12:00:00,0,0,0,0,0,0,0,0,0,0,0,0,0,0,0,0,0,0,0,0,0,0,0,0
2015/1/14 上午 12:00:00,0,0.5,0,0,0,0,0,0,0,0,0,0,0,0,0,0,0,0,0,0,0,0,0,0
2015/1/15 上午 12:00:00,0,0,0,0,0,0,0,0,0,0,0,0,0,0,0,0,0,0,0,0,0,0,0,0
2015/1/16 上午 12:00:00,0,0,0,0,0,0,0,0,0,0,0,0,0,0,0,0,0,0,0,0,0,0,0,0
2015/1/17 上午 12:00:00,0,0,0,0,0,0,0,0,0,0,0,0,0,0,0,0,0,0,0,0,0,0,0,0
2015/1/18 上午 12:00:00,0,0,0,0,0,0,0,0,0,0,0,0,0,0,0,0,0,0,0,0,0,0,0,0
2015/1/19 上午 12:00:00,0,0,0,0,0,0,0,0,0,0,0,0,0,0,0,0,0,0,0,0,0,0,0,0
2015/1/20 上午 12:00:00,0,0,0,0,0,0,0,0,0,0,0,0,0,0,0,0,0,0,0,0,0,0,0,0
2015/1/21 上午 12:00:00,0,0,0,0,0,0,0,0,0,0,0,0,0,0,0,0,0,0,0,0,0,0,0,0
2015/1/22 上午 12:00:00,0,0,0,0,0,0,0,0,0,0,0,0,0,0,0,0,0,0,0,0,0,0,0,0
2015/1/23 上午 12:00:00,0,0,0,0,0,0,0,0,0,0,0,0,0,0,0,0,0,0,0,0,0,0,0,0
2015/1/24 上午 12:00:00,0,0,0,0,0,0,0,0,0,0,0,0,0,0,0,0,0,0,0,0,0,0,0,0
2015/1/25 上午 12:00:00,0,0,0,0,0,0,0,0,0,0,0,0,0,0,0,0,0,0,0,0,0,0,0,0
2015/1/26 上午 12:00:00,0,0,0,0,0,0,0,0,0,0,0,0,0,0,0,0,0,0,0,0,0,0,0,0
2015/1/27 上午 12:00:00,0,0,1.0,0.5,1.0,0,0,0,0,0,0,0,0,0,0,0,0,0,0,0,0,0,0,0
2015/1/28 上午 12:00:00,0,0,0,0,0,0,0,0,0,0,0,0,0,0,0,0,0,0,0,0,0,0,0,0
2015/1/29 上午 12:00:00,0,0,0,0,0,0,0,0,0,0,0,0,0,0,0,0,0,0,0,0,0,0,0,0
2015/1/30 上午 12:00:00,0,0,0,0,0,0,0,0,0,0,0,0,0,0,0,0,0,0,0,0,0,0,0,0
2015/1/31 上午 12:00:00,0,0,0,0,0,0,0,0,0,0,0,0,0,0,0,0,0,0,0,0,0,0,0,0
2015/2/1 上午 12:00:00,0,0,0,0,0,0,0,0,0,0,0,0,0,0,0,0,0,0,0,0,0,0,0,0
2015/2/2 上午 12:00:00,0,0,0,0,0,0,0,0,0,0,0,0,0,0,0,0,0,0,0,0,0,0,0,0
2015/2/3 上午 12:00:00,0,0,0,0,0,0,0,0,0,0,0,0,0,0,0,0,0,0,0,0,0,0,0,0
2015/2/4 上午 12:00:00,0,0,0,0,0,0,0,0,0,0,0,0,0,0,0,0,0,-999996.0,0,0,0,0,-999996.0,0
2015/2/5 上午 12:00:00,0,0,0,0,0,0,0,0,0,0,0,0,0,0,0,0,0,0,0,0,0,0,0,0
2015/2/6 上午 12:00:00,0,0,0,0,0,0,0,0,0,0,0,0,0,0,0,0,0,0,0,0,0,0,0,-999996.0
2015/2/7 上午 12:00:00,0,0,0,0,0,0,0,0,0,0,0,0,0,0,0,0,0,0,0,0,0,0,0,0
2015/2/8 上午 12:00:00,0,0,0,0,0,0,0,0,0,0,0,0,0,0,0,0,0,0,0,0,0,0,0,0
2015/2/9 上午 12:00:00,0,0,0,0,0,0,0,0,0,0,0,0,0,0,0,0,0,0,0,0,0,0,0,0
2015/2/10 上午 12:00:00,0,0,0,0,0,-999996.0,0,0,0,0,0,0,0,0,0,0,0,0,0,0,0,0,0,0
2015/2/11 上午 12:00:00,0,0,0,0,0,0,0,0,0,0,0,0,0,0,0,0,0,0,0,0,0,0,0,0
2015/2/12 上午 12:00:00,0,0,0,0,0,0,0,0,0,0,0,0,0,-999996.0,0,0,0,0,0,0,0,0,0,0
2015/2/13 上午 12:00:00,0,0,0,0,0,0,0,0,0,0,0,0,0,0,-999996.0,0,0,0,0,0,0,0,0,0
2015/2/14 上午 12:00:00,0,0,0,0,0,0,0,0,0,0,-999996.0,0,0,0,0,0,0,0,0,0,0,0,0,0
2015/2/15 上午 12:00:00,0,0,0,0,0,0,0,0,0,0,0,0,0,0,0,0,0,0,0,0,0,0,0,0
2015/2/16 上午 12:00:00,0,0,0.5,0,0,0,2.0,0,0,0,0,0,0,0,0,0,0,0,0,0,0,0,0,0
2015/2/17 上午 12:00:00,0,0,0,0,0,0,0,0,0,0,0,0,0,0,0,0,0,-999996.0,0,0,0,0,0,0
2015/2/18 上午 12:00:00,0,0,0,0,-999996.0,0,0,0,0,0,0,0,0,0,0,0,0,0,0,0,0,0,0,0
2015/2/19 上午 12:00:00,0,0,0,0,0,0,-999996.0,0,0,0,0,0,0,0,0,0,0,0,0,0,0,0,0,0
2015/2/20 上午 12:00:00,0,0,0,0,0,0,0,0,0,0,0,0,0,0,0,0,0,0,0,0,0,0,-999996.0,0
2015/2/21 上午 12:00:00,0,0,0,0,0,0,0,0,0,0,0,0,0,0,0,0,0,0,0,0,0,1.0,0.5,18.0
2015/2/22 上午 12:00:00,7.5,0,0.5,0,0,0,0,0,0,0,0,0,0,0,0,0,0,0,0,0,0,0,0,0
2015/2/23 上午 12:00:00,0,0,0,0,0,0,0,0,0,0,0,0,0,0,0,0,0,0,0,0,0,0,0,0
2015/2/24 上午 12:00:00,0,0,0,0,0,0,0,0,0,0,0,0,0,0,0,0,0,0,0,0,0,0,0,0
2015/2/25 上午 12:00:00,0,0,0,0,0,0,0,0,0,0,0,0,0,0,0,0,0,0,0,0,0,0,0,0
2015/2/26 上午 12:00:00,0,0,0,0,0,0,0,0,0,0,0,0,0,0,0,0,0,0,0,0,0,0,0,0
2015/2/27 上午 12:00:00,0,0,0,0,0,0,0,0,0,0,0,0,0,0,0,0,0,0,0,0,0,0,0,0
2015/2/28 上午 12:00:00,0,0,0,0,0,0,0,0,0,0,0,0,0,0,0,0,0,0,0,0,0,0,0,0
2015/3/1 上午 12:00:00,0,0,0,0,0,0,0,0,0,0,0,0,0,0,0,0,0,0,0,0,0,0,0,0
2015/3/2 上午 12:00:00,0,-999996.0,0,0,0,0,0,0,0,0,0,0,0,0,0,0,0,0,0,0,0,0,0,0
2015/3/3 上午 12:00:00,0,0,0,0,0,0,0,0,0,0,0,0,0,0,0,0,0,0,0,0,0,0,0,-999996.0
2015/3/4 上午 12:00:00,0,0,0,0,0,0,0,0,0,0,0,0,0,0,0,0,0,0,0,0,0,0,0,0
2015/3/5 上午 12:00:00,0,0,0,0,0,0,0,0,0,0,0,0,0,0,0,0,0,0,0,0,0,0,0,0
2015/3/6 上午 12:00:00,0,0,0,0,0,0,0,0,0,0,0,0,0,0,0,0,0,0,0,0,-999996.0,0,0,0
2015/3/7 上午 12:00:00,0,0,-999996.0,0,0,0,0,0,0,0,0,0,0,0,0,0,0,0,0,0,0,0,0,0
2015/3/8 上午 12:00:00,0,0,0,0,0,0,0,0,0,0,0,0,0,0,0,0,0,0,0,0,0,0,0,0
2015/3/9 上午 12:00:00,0,0,0,0,0,0,0,0,0,0,0,0,0,0,0,0,0,0,0,0,0,0,0,0
2015/3/10 上午 12:00:00,0,0,0,0,0,0.5,0,0,0,0,0,0,0,0,0,0,0,0,0,0,0,0,0,0
2015/3/11 上午 12:00:00,0,0,0,0,0,0,0,0,0,-999996.0,0,0,0,0,0,0,0,0,0,0,0,0,0,0
2015/3/12 上午 12:00:00,0,0,0,0,0,0,0,0,0,0,0,0,0,0,0,0,0,0,0,0,0,0,0,0
2015/3/13 上午 12:00:00,0,0,0,0,0,0,0,0,0,0,0,0,0,0,0,0,0,0,0,0,0,0,0,0
2015/3/14 上午 12:00:00,0,0,0,0,0,0,0,0,0,0,0,0,0,0,0,0,0,0,0,0,0,0,0,0
2015/3/15 上午 12:00:00,0,0,0,0,0,0,0,0,0,0,0,0,0,0,0,0,0,0,0,0,0,0,0,0
2015/3/16 上午 12:00:00,0,0,0,0,0,0,0,0,0,0,0.5,0,0,0,0,0,0,0,0,0,0,0,0,0
2015/3/17 上午 12:00:00,0,0,0,0,-999996.0,0,0,0,0,0,-999996.0,0,0,0,0,0,0,0,0,0,0,0,0,0
2015/3/18 上午 12:00:00,0,0,0,0,0,0,0,0,0,0,0,0,0,0,0,0,0,0,0,0,0,0,0,0
2015/3/19 上午 12:00:00,0,0,0,0,0,0,0,0,0,0,0,0,0,0,0,0,0,0,0,0,0,0,0,0
2015/3/20 上午 12:00:00,0,0,0,0,0,0,0,0,0,0,0,0,-999996.0,0,0,0,0,0,0,0,0,0,0,0
2015/3/21 上午 12:00:00,0,0,0,0,0,0,0,0,0,0,0,0,0,0,0,0,0,0,0,0,0,0,0,0
2015/3/22 上午 12:00:00,0,0,0,0,0,0,0,0,0,0,0,0,0,0,0,0,0,0,0,0,0,0,0,0
2015/3/23 上午 12:00:00,0,0,0,0,0,0,0,0,0,0,0,0,0,0,0,0,0,0,0,0,0,0,0,0
2015/3/24 上午 12:00:00,0,0,0,0,0,0,0,0,0,0,0,0,0,0,0,0,0,0,0,0,0,0,0,0
2015/3/25 上午 12:00:00,0,0,0,0,0,0,0,0,0,0,0,0,0,0,0,0,0,0,0,0,0,0,0,0
2015/3/26 上午 12:00:00,0,0,0,0,0,0,0,0,0,0,0,0,0,0,0,0,0,0,0,0,0,0,0,0
2015/3/27 上午 12:00:00,0,0,0,0,0,0,0,0,0,0,0,0,0,0,0,0,0,0,0,0,0,0,0,0
2015/3/28 上午 12:00:00,0,0,0,0,0,0,0,0,0,0,0,0,0,0,0,0,0,0,-999996.0,0,0,0,0,0
2015/3/29 上午 12:00:00,0,0,0,0,0,0,0,0,0,0,0,-999996.0,0,0,0,0,0,0,0,0,0,0,0,0
2015/3/30 上午 12:00:00,0,0,0,0,0,0,0,0,0,0,0,0,0,0,0,0,0,0,0,0,0,0,0,0
2015/3/31 上午 12:00:00,0,0,0,0,0,0,0,0,0,0,0,0,0,0,0,0,0,0,0,0,0,0,0,0
2015/4/1 上午 12:00:00,0,0,0,0,0,0,0,0,0,0,0,0,0,0,0,0,0,0,0,0,0,0,0,0
2015/4/2 上午 12:00:00,0,0,0,0,0,0,0,0,0,0,0,0,0,0,0,0,0,0,0,0,0,0,0,0
2015/4/3 上午 12:00:00,0,0,0,0,0,0,0,0,0,0,0,0,0,0,0,0,0,0,0,0,0,0,0,0
2015/4/4 上午 12:00:00,0,0,0,0,0,0,0,0,0,-999996.0,0,0,0,0,0,0,0,0,0,0,0,0,0,0
2015/4/5 上午 12:00:00,0,0,0,0,0,0,0,0,0,0,0,0,0,0,0,0,0,0,0,0,0,0,0,0
2015/4/6 上午 12:00:00,0,0,0,0,0,0,0,0,0,0,0,0,0,0,0,0,0,0,0,0,0,0,0,0
2015/4/7 上午 12:00:00,0,0,0,0,0,0,0,0,0,0,0,0,0,0,0,0,0,0,0,0,0,0,0,-999996.0
2015/4/8 上午 12:00:00,0,0,0,0,0,0,0,-999996.0,0,0,0,0,0,0,0,0,0,-999996.0,0,0,0,0,0,0
2015/4/9 上午 12:00:00,0,0,0,0,0,0,0,0,0,0,0,0,0,0,0,0,0,0,0,0,0,0,0,0
2015/4/10 上午 12:00:00,0,0,0,0,0,0,0,0,0,0,0,0,0,0,0,0,0,0,0,0,0,0,0,0
2015/4/11 上午 12:00:00,0,0,0,0,0,0,0,0,0,0,0,0,0,0,0,1.0,0,0,1.0,1.0,0.5,1.0,1.0,0.5
2015/4/12 上午 12:00:00,0,0,0,0,0,0,0,-999996.0,0,0,0,0,0,0,0,0,0,0,0,0,0,0,0,0
2015/4/13 上午 12:00:00,0,0,0,0,0,0,0,0,0,0,0,0,0,0,0,0,0,0,0,0,0,0,0,0
2015/4/14 上午 12:00:00,0,0,0,0,0,0,0,0,0,0,0,0,0,0,0,0,0,0,0,0,0,0,0,0
2015/4/15 上午 12:00:00,0,0,0,0,0,0,0,0,0,0,0,0,0,0,0,0,0,0,0,0,0,0,0,0
2015/4/16 上午 12:00:00,0,0,0,0,0,0,0,0,0,0,0,0,0,0,0,0,0,0,0,0,0,0,-999996.0,0
2015/4/17 上午 12:00:00,0,0,0,0,0,0,0,0,0,-999996.0,0,0,0,0,0,0,0,0,-999996.0,0,0,0,0,0
2015/4/18 上午 12:00:00,0,0,0,0,-999996.0,0,0,0,0,0,0,0,0,0,0,0,0,0,0,0,0,0,0,0
2015/4/19 上午 12:00:00,0,0,0,0,0,0,0,0,0,0,0,0,0,0,0,0,0,0,0,0,0,0,0,0
2015/4/20 上午 12:00:00,-999996.0,0,0,0,0,0,0,0,0,0,0,0,0,0,0,0,0,0,0,0,0,0,0,0
2015/4/21 上午 12:00:00,0,0,0,0,0,0,0,0,0.5,0,0.5,0,0,0.5,0,0,0,0,0,0,0,0,0,0
2015/4/22 上午 12:00:00,0,0,0,0,0,0,0,0,0,0,0,0,0,0,0,0,0,0,0,0,0,0,0,0
2015/4/23 上午 12:00:00,0,0,0,0,0,0,0,0,0,0,0,0,0,0,0,0,0,0,0,0,0,0,0,0
2015/4/24 上午 12:00:00,0,0,0,0,0,0,0,0,0,0,0,0,0,0,0,0,0,0,0,0,0,0,0,0
2015/4/25 上午 12:00:00,0,0,0,0,0,0,0,0,0,0,0,0,0,0,0,0,0,0,0,0,0,0,0,0
2015/4/26 上午 12:00:00,0,0,0,0,0,0,0,0,0,-999996.0,0,0,0,0,0,0,0,0,0,0,0,0,0,0
2015/4/27 上午 12:00:00,0,0,0,0,0,0,0,0,-999996.0,0,0,0,0,0,0,0,0,0,-999996.0,0,0,0,0,0
2015/4/28 上午 12:00:00,0,0,0,0,0,0,0,0,0,0,0,0,0,0,-999996.0,0,0,0,0,0,0,0,0,0
2015/4/29 上午 12:00:00,0,-999996.0,0,0,0,0,0,0,0,0,0,0,0,0,0,0,0,0,0,0,0,0,0,0
2015/4/30 上午 12:00:00,0,0,0,0,0,0,0,0,0,0,0,0,0,0,0,0,0,0,0,0,0,0,0,0
2015/5/1 上午 12:00:00,0,0,0,0,0,0,0,0,0,0,0,0,0,0,0,0,0,0,0,0,0,0,0,0
2015/5/2 上午 12:00:00,0,0,0,0,0,0,0,0,0,0,0,0,0,0,0,0,0,0,0,0,0,0,0,0
2015/5/3 上午 12:00:00,0,0,0,0,0,0,0,0,0,0,0,0,0,0,0,0,0,0,0,0,0,0,0,0
2015/5/4 上午 12:00:00,-999996.0,0,0,0,0,0,0,0,0,0,0,0,0,0,0,0,0,0,0,0,0,0,0,0
2015/5/5 上午 12:00:00,0,0,2.0,5.0,12.5,0,0,0,1.5,2.5,0,0,0,0,0,0,0,0,0,0,0,0,0,0
2015/5/6 上午 12:00:00,0,0,0,0,0,0,0,0,0,0,0,0,0,0,0,0,0,0,0,0,0,0,0,0
2015/5/7 上午 12:00:00,0,0,0,0,0,0,0,0,0,0,0,0,0,0,0,0,0,0,0,0,0,0,0,0
2015/5/8 上午 12:00:00,0,0,0,0,0,0,0,0,0,0,0,0,0,0,0,0,0,0,0,0,0,0,0,0
2015/5/9 上午 12:00:00,0,0,0,0,0,0,0,0,0,0,0,0,0,0,0,0,0,0,0,0,0,0,0,0
2015/5/10 上午 12:00:00,0,0,0,0,0,0,0,0,0,0,0,0,0,0,0,0,0,0,0,0,0,0,0,0
2015/5/11 上午 12:00:00,0,0,0,0,0,0,0.5,0,0,0,0,0,0,0,0,0,0,0,0,0,0,0,0,0
2015/5/12 上午 12:00:00,0,0,0,0,0,0,0,0,0,1.0,8.5,0,0,0,0,0,0,0,0,0,0,0,0,0
2015/5/13 上午 12:00:00,0,0,0,0,0,0,0,0,0,0,0,0,0,0,0,0,0,0,0,0,0,0,0,0
2015/5/14 上午 12:00:00,0,0,0,0,0,0,0,0,0,0,0,0,0,0,0,0,0,0,0,0,0,0,0,0
2015/5/15 上午 12:00:00,0,0,0,0,0,0,0,0,0,0,0,0,0,0,0,0,0,0,0,0,0,0,0,0
2015/5/16 上午 12:00:00,0,0,0,0,0,0,0,0,0,0,0,0,0,0,0,0,0,0,0,0,0,0,0,0
2015/5/17 上午 12:00:00,0,0,0,0,0,0,0,0,0,0,0,0,0,0,0,0,0,0,0,0,0,0,0,0
2015/5/18 上午 12:00:00,0,0,0,0,0,0,0,0,0,0,0,0,0,0,0,0,0,0,0,0,0,0,0,0
2015/5/19 上午 12:00:00,0,0,0,0,0,0,0,0,0,0,0,0,0,0,0,0,0,0,0,0,0,0,0,0
2015/5/20 上午 12:00:00,0,0,0,0,0,0,0,0,0,0,0,0,0,0,0,0,0,0,0,0,0,0,0,0.5
2015/5/21 上午 12:00:00,2.0,1.0,1.0,1.5,3.5,2.0,1.0,0.5,1.5,0.5,0.5,0,0,0,0,0.5,1.0,0,4.0,4.0,2.5,1.5,0,0
2015/5/22 上午 12:00:00,0,0,1.0,0,1.5,1.5,1.5,0,0,3.0,7.0,7.0,0.5,0,0,0,0.5,1.5,3.0,3.5,1.0,0,0,0
2015/5/23 上午 12:00:00,0,0,0,-999996.0,0.5,0,0,0,2.5,1.0,0,10.5,4.5,0,4.5,8.5,2.5,0.5,0,1.0,1.0,0,0.5,0.5
2015/5/24 上午 12:00:00,1.5,0,0,0,0.5,0,0,0,2.5,2.0,1.0,0,20.5,6.0,7.5,6.0,3.5,0,0,0,0,0,0,0
2015/5/25 上午 12:00:00,1.5,11.0,39.0,14.5,7.5,6.0,2.0,0,0,0,0,0.5,1.5,1.5,1.5,0,0,0,0,0,0,0,0,0
2015/5/26 上午 12:00:00,0,0,0,0,0,0,0,0,0,2.5,0,0,1.0,0,0,0,0,0,0,0,0,0,0.5,2.0
2015/5/27 上午 12:00:00,4.0,1.5,0,0,0,0,0,0,0,0,0,0,0,0,0,0,0,0,0,0,0,0,0,0
2015/5/28 上午 12:00:00,0,0,0,0,5.5,3.0,1.5,0,0,0,0,0,0,0,0,0,0,0,0,0,0,0,0,0
2015/5/29 上午 12:00:00,0,0,0,0,0,0,0,0.5,0,0,0,0,0,0,0,0,0,0,0,0,0,0,0,0
2015/5/30 上午 12:00:00,0,0,0,0,0,0,0,0,0,0,0,0,0,0,0,0,0,0,0,0,0,0,0,0
2015/5/31 上午 12:00:00,0,0,0,0,0,0,0,0,0,0,0,0,0,0,-999996.0,0,10.0,1.0,0,0,0,0,0,0
2015/6/1 上午 12:00:00,0,0,0,0,0,0,0,0,0,0,0,0,0,0,0,0,0,0,0,0,0,0,0,0
2015/6/2 上午 12:00:00,0,0,0,0,0,0,0,0,0,0,0,0,0,0,0,0,0,0,0,0,0,0,0,-999996.0
2015/6/3 上午 12:00:00,0,0,0,0,0,0,0,0,0,0,0,0,0,0,0,0,0,0,0,0,0,0,0,0
2015/6/4 上午 12:00:00,0,0,0,0,0,0,0,0,0,0,0,0,0,0,0,0,0,0,0,0,0,0,0,0
2015/6/5 上午 12:00:00,0,0,0,0,0,0,0,0,0,0,0,0,0,0,0,0,0,0,0,0,0,0,0,0
2015/6/6 上午 12:00:00,0,0,0,0,0,0,0,0,0,0,0,0,0,0,0,0,0,0,0,0,0,0,0,0
2015/6/7 上午 12:00:00,0,0,0,0,0,0,0,0,0,0,0,0,0,0,0,0,0,0,0,0,0,0,0,0
2015/6/8 上午 12:00:00,0,0,0,0,-999996.0,0,0,0,0,0,0,0,0,0,0,0,0,0,0,0,0,0,0,0
2015/6/9 上午 12:00:00,0,0,0,0,0,0,0,0,0,0,0,0,0,0,0,0,0,0,-999996.0,0,-999996.0,0,0,0
2015/6/10 上午 12:00:00,0,-999996.0,0,0,0,0,0,0,0,0,0,0,0,0,0,0,0,0,0,0,0,0,0,0
2015/6/11 上午 12:00:00,0,0,0,0,0,0,0,0,0,0,0,0,0,0,0,0,0,0,0,0,0,0,0,0
2015/6/12 上午 12:00:00,0,0,0,0,0,0,-999996.0,0,-999996.0,0,0,0,0,0,0,-999996.0,0,0,0,0,0,0,0,0
2015/6/13 上午 12:00:00,0,0,0,0,0,0,0,0,0,0,0,0,0,0,0,0,0,0,0,0,0,0,0,0
2015/6/14 上午 12:00:00,0,0,0,0,0,0,0,0,0,0,0,0,0,0,0,0,0,0,0,0,0,0,0,0
2015/6/15 上午 12:00:00,0,0,0,0,0,0,0,0,0,0,0,0,0,0,0,0,0,0,0,0,0,0,0,0
2015/6/16 上午 12:00:00,0,0,0,0,0,0,0,0,0,0,0,0,0,0,0,0,0,0,0,0,0,0,0,0
2015/6/17 上午 12:00:00,0,0,0,0,0,0,0,0,0,0,0,0,0,0,0,0,0,0,0,0,0,0,0,0
2015/6/18 上午 12:00:00,0,0,0,0,0,0,0,0,0,0,0,0,0,0,0,0,0,0,0,0,0,0,0,-999996.0
2015/6/19 上午 12:00:00,0,0,0,0,0,0,0,0,0,0,0,0,0,0,0,0,0,0,0,0,0,0,0,0
2015/6/20 上午 12:00:00,0,0,0,0,0,0,0,0,0,0,0,0,0,0,0,0,0,-999996.0,0,0,0,0,0,0
2015/6/21 上午 12:00:00,0,0,0,0,0,0,0,0,0,0,0,0,0,0,0,0,0,0,0,0,0,0,0,0
2015/6/22 上午 12:00:00,0,0,0,0,0,0,0,0,0,0,0,0,0,0,0,0,0,0,0,0,0,0,0,0
2015/6/23 上午 12:00:00,0,0,0,0,0,0,0,0,0,0,0,0,0,0,0.5,0,0,0,0,0,0,0,0,0
2015/6/24 上午 12:00:00,0,0,0,0,0,0,0,0,0,0,0,0,0,0,0,0,-999996.0,0,0,0,0,0,0,0
2015/6/25 上午 12:00:00,0,0,0,3.0,0,0,0,0,-999996.0,0,0,0,0,0,0,0,0,0,0,0,0,0,0,0
2015/6/26 上午 12:00:00,0,0,0,0,0,0,0,0,0,0,0,0,0,0,0,0,0,0,0,0,0,0,0,0
2015/6/27 上午 12:00:00,0,0,0,0,0,0,1.0,0,0,0,0,0,0,0,0,0,0,0,0,0,0,0,0,0
2015/6/28 上午 12:00:00,-999996.0,0,0,0,0,0,0,-999996.0,0,0,0,0,0,0,0,0,0,0,0,0,0,0,0,0
2015/6/29 上午 12:00:00,0,0,0,0,0,0,0,0,0,0,0,0,0,0,0,0,0,0,0,0,0,0,0,0
2015/6/30 上午 12:00:00,0,0,0,0,0,0,0,0,0,0,0,0,0,0,0,0,0,0,0,0,0,0,0,0
2015/7/1 上午 12:00:00,0,0,0,0,0,0,0,0,0,0,0,0,0,3.5,0,0,0,0,0,0,0,0,0,0
2015/7/2 上午 12:00:00,-999996.0,0,0,0,0,-999996.0,0,0,0,0,0,0,0,0,0,0,0,0,0,0,0,0,0,0
2015/7/3 上午 12:00:00,0,0,0,0,0,0,0,0,0,0,0,0,0,0,0,0,0,0,0,0,0,0,0,0
2015/7/4 上午 12:00:00,0,0,0,0,0,0,0,0,0,0,0,0,0,0,0,0,0,0,0,0,0,0,0,0
2015/7/5 上午 12:00:00,0,0,0,0,0,0,0,0,0,0,0,0,0,0,10.0,0,0,0.5,0.5,0,0,0,0,0
2015/7/6 上午 12:00:00,0,0,0,0,0,0,0,0,0,0,0,0,0,0,0.5,0.5,0,0,0,0,0,0,0,0
2015/7/7 上午 12:00:00,0,0,0,0,-999996.0,0,0,0,0,0,0.5,1.0,0,0,0,0,-999996.0,0,0,1.0,4.0,0,0,1.5
2015/7/8 上午 12:00:00,2.0,0.5,0.5,0,1.5,1.5,1.5,1.0,1.5,1.0,2.5,1.0,3.5,1.0,0,0,0,1.5,4.5,2.0,0,0,0,0
2015/7/9 上午 12:00:00,0,0,0,0,0,0,0.5,0,0,0,0,0,0,0,0,0,0,0,0,0,0,0,0,0
2015/7/10 上午 12:00:00,0,0,0,0,0,0,0,0,0,0,0,0,0,0,0,0,0,0,0,0,0,0,0,0
2015/7/11 上午 12:00:00,0,0,0,0,0,0,0,0,-999996.0,0,0,0,0,0,0,0,0,0,0,0,0,0,0,0
2015/7/12 上午 12:00:00,0,0,1.5,0,0.5,0,0,0,0,0,0,0,0,0,0,0,0,0,0,0,0,0,0,0
2015/7/13 上午 12:00:00,0,0,0,1.0,0.5,0,0,8.5,3.5,0,0,0,0,0,0,0,0,0,0,0,0,8.5,0.5,0
2015/7/14 上午 12:00:00,0,0,0,0,0,0,0,0,0,0,0,0,0,0,0,0,0,0,0,0,0,0,0,0
2015/7/15 上午 12:00:00,0,0,0,0,0,0,0,0,0,0,0,0,0,0,0,0,0,0,0,0,0,0,0,0
2015/7/16 上午 12:00:00,0,0,0,0,0,0,0,0,0,0,0,0,0,0,0,0,0,0,0,0,0,0,0,0
2015/7/17 上午 12:00:00,0,0,0,0,0,0,0,0,0,0,0,0,0,0,0,0,0,0,0,0,0,1.0,7.0,0
2015/7/18 上午 12:00:00,0,0,0,0,0,0,0,0,0,0,0,0,0,0,0,5.5,1.5,0.5,0,0,0,0,0,0
2015/7/19 上午 12:00:00,-999996.0,0.5,25.0,5.0,7.5,6.5,2.5,0.5,0,0.5,4.5,1.0,0,0,0.5,3.0,0,0.5,0,5.0,0,0,0,0
2015/7/20 上午 12:00:00,0,0,0,3.5,3.0,0,5.5,0,1.5,0.5,0,0,0,0,0,0,0,0,0,0,0,0,0,0
2015/7/21 上午 12:00:00,0,0,0,0,0,0,0,0,0,0,0,0,0,0,0,0,0,0,0,0,-999996.0,0,0,0
2015/7/22 上午 12:00:00,0,0,0,0,1.0,-999996.0,0,-999996.0,0,0,0,0,0,0,0,1.5,22.5,2.0,0,1.5,1.0,0,0,0
2015/7/23 上午 12:00:00,0,0,0,0,-999996.0,0,0,0,0,0,0,0,0,0,0,0,0,0,0,0,0,0,0,0
2015/7/24 上午 12:00:00,0,0,0,0,0,0,0,0,0,0,0,0,0,0,0,0,0,0,0,0,0,0,0,0
2015/7/25 上午 12:00:00,0,0,0,0,0,0,0,0,0,0,0,0,0,0,0,0,0,0,0,-999996.0,0,0,0,0
2015/7/26 上午 12:00:00,0,0,0,0,0,3.0,0,1.5,0.5,0,-999996.0,-999996.0,0,0,0,0,0,0,0,0,0,0,0,0
2015/7/27 上午 12:00:00,0,0,0,0,0,0,0,0,0,0,0,0,0,0,0,0,0,0,3.0,0,0,0,0,0
2015/7/28 上午 12:00:00,0,0,0,0,0,0,0,0,0,0,0,0,0,0,0,0,0,0,0,0,0,0,0,0
2015/7/29 上午 12:00:00,0,0,0,0,0,0,0,0,-999996.0,0,0,0,0,0,0,0,0,0,0,0,0,0,0,0
2015/7/30 上午 12:00:00,0,0,0,0,0,0,0,0,0,0,0,0,0,0,0,0,0,0,0,0,0,0,0,-999996.0
2015/7/31 上午 12:00:00,0,0,0,0,0,0,0,0,0,0,0,0,0,0,0,0,0,0,0,0,0,0,0,0
2015/8/1 上午 12:00:00,0,0,0,0,0,0,0,0,0,0,0,0,0,0,0,0,0,0,0,0,0,0,0,0
2015/8/2 上午 12:00:00,0,0,0,0,0,0,0,0,0,0,0,0,0,0,0,0,0,0,0,0,0,0,0,0
2015/8/3 上午 12:00:00,0,0,0,0,0,0,0,0,0,0,0,0,0,0,0,0,0,0,0,0,0,0,0,0
2015/8/4 上午 12:00:00,0,0,0,0,0,0,0,0,0,0,0,0,0,0,0,0,0,0,0,0,0,0,0,0
2015/8/5 上午 12:00:00,0,0,0,0,0,0,0,0,0,0,0,0,0,0,0,0,0,0,0,0,0,0,0,0
2015/8/6 上午 12:00:00,0,0,0,0,0,0,0,0,0,0,0,0,0,0,0,0,0,0,0,0,0,0,0,0
2015/8/7 上午 12:00:00,0,0,0,0,0,0,0,0,0,0,0,0,0,0,0,0,0,0,0,0,0,0,0,0
2015/8/8 上午 12:00:00,0,0,0,1.0,0.5,1.0,1.5,10.5,14.5,14.0,12.5,10.5,12.5,14.5,18.0,12.5,14.0,10.0,6.0,4.5,1.0,0.5,1.0,11.0
2015/8/9 上午 12:00:00,30.0,55.0,23.5,13.5,2.5,0.5,0,6.0,2.0,0,0,0,0,0,0,0,0,0,0,0,0,0,0,0
2015/8/10 上午 12:00:00,0,0,0,0,0,0,0,0,0,0,0,0,0,0,0,0,0,0,0,0,0,0,0,0
2015/8/11 上午 12:00:00,0,0,0,0,0,0,0,0,0,0,0,0,0,0,0,0,0,0,0,0,0,0,0,0
2015/8/12 上午 12:00:00,0,0,-999996.0,0,0,0,-999996.0,0,19.0,0,0,0,0,0,0,0,0,0,0,0,0,0,0,0
2015/8/13 上午 12:00:00,0,0.5,0,0,0,0,0,0,0,0,0,0,0,0,0,0,0,0,0,0,0,-999996.0,0,0
2015/8/14 上午 12:00:00,0,0,0,0,-999996.0,0,0,0,0,0,0,0,0,0,0,0,2.5,0,0,15.0,1.0,0,0,0
2015/8/15 上午 12:00:00,0,0,0,0,0,0,0,0,0,0,0,0,0,0,0,0,0,0,0,3.5,0,0,0,0
2015/8/16 上午 12:00:00,0,0,0,0,0,0,0,0,0,0,-999996.0,0,0,0,0.5,0.5,0,0,0,0,0,0,0,0
2015/8/17 上午 12:00:00,0,0,0,0,0,0,0,0,0,0,0,8.5,1.0,2.0,0.5,0,0,0,0,0,0,0,0,0
2015/8/18 上午 12:00:00,0,0,0,0,0,0,0,0,0,0,0.5,7.0,0,0,0,0,0,0,0,1.5,0,0,0,0
2015/8/19 上午 12:00:00,0,0,0,0,0,0,0,0,0,0,0,0,0,0,0,-999996.0,0,0.5,0.5,0,0,0,0,0
2015/8/20 上午 12:00:00,0,0,0,0,0,0,0,0,0,0,0,0,0,0,0,0,0,0,0,0,0,0,0,0
2015/8/21 上午 12:00:00,-999996.0,0,0,0,0,0,0,0,0,0,0,0,0,0,0,4.5,0,0,0,0,0,0,0,0
2015/8/22 上午 12:00:00,0,0,0,0,0,0,0,0,0,0,0,0,0,0,0,0,0,0,0,0,0,0,0,0
2015/8/23 上午 12:00:00,0,0,0,0,0,-999996.0,0,0,0,0,0,0,0,0,0,0,0,0,0,0,0,0,0,0
2015/8/24 上午 12:00:00,0,0,1.5,3.0,4.5,0,0,0,0,0,0,0,0,0,0,0,0,0,0,0,0,4.0,30.5,24.5
2015/8/25 上午 12:00:00,1.0,7.5,0,2.0,4.5,34.5,3.0,0,2.0,1.5,0.5,0,0,0,0,0,0,0,0,0,0,0,0,5.0
2015/8/26 上午 12:00:00,0.5,11.5,0,14.0,17.0,1.5,1.5,4.5,6.0,4.5,0,0,4.5,3.0,0,0,0,0,0,3.0,2.5,0,1.0,0
2015/8/27 上午 12:00:00,12.0,1.5,0,0.5,3.5,0,0,0,0,0,0,0,0.5,0.5,0,1.0,0,8.0,3.0,0,0,0,0,0
2015/8/28 上午 12:00:00,1.5,13.5,0,0,0,0,0,0,0,0,0,0.5,18.0,11.5,6.5,5.0,0,7.5,1.0,0,0,0,0,8.5
2015/8/29 上午 12:00:00,0,0,1.0,6.0,0.5,0,0,0,0,0,0,0,14.0,1.5,3.5,7.5,1.5,5.0,3.0,0,0.5,0,0,0
2015/8/30 上午 12:00:00,0,0,0,0,0,0,0,0,0,0,1.0,10.5,2.5,1.0,0.5,0,1.0,3.0,0.5,0,0,0,0,0
2015/8/31 上午 12:00:00,0,0,0,0,0,0,0,0,0,0,43.5,10.5,27.0,4.5,2.0,0,0,0,0,0,0,1.0,0,0
2015/9/1 上午 12:00:00,0,0,0,0,0,0,0,0,0,0,0,0,0,0,0,-999996.0,0,0,0,0,0,0,0,0
2015/9/2 上午 12:00:00,0,0,0,0,0,0,0,0,0,0,0,0,0,0,0,0,0,0,0,0,0,0,0,0
2015/9/3 上午 12:00:00,0,0,0,0,0,0,0,0,0,0,0,0,0,0,0,0,0,0,0,0,0,0,0,0
2015/9/4 上午 12:00:00,0,0,0,0,0,0,0,0,0,0,0,0,0,0,0,0,0,0,-999996.0,0,0,0,0,0
2015/9/5 上午 12:00:00,0,0,0,0,0,0,0,0,0,0,0,0,0,0,0,0,0,0,0,0,0,0,0,0
2015/9/6 上午 12:00:00,0,0,0,0,0,0,0,0,0,0,0,0,0,0,0,0,0,0,0,0,0,0,0,0
2015/9/7 上午 12:00:00,0,0,0,0,0.5,0,0.5,0,6.0,7.0,7.5,0.5,3.0,9.0,0.5,1.0,1.0,0.5,0,0,0,0,0,0
2015/9/8 上午 12:00:00,0,0,0,0,0,0,0,0,0,0,0,0,0,0,0,0,0,0,0,0,0,0,0,0
2015/9/9 上午 12:00:00,0,2.5,0,0,0,0,0,0,0,0,0,0,0,0,0,0,0,0,0,0,0,0,0,0
2015/9/10 上午 12:00:00,0,0,0,0,0,0,0,0,0,0,0,0,0,0,0,0,0,0,0,0,0,0,0,0
2015/9/11 上午 12:00:00,0,0,0,0,0,0,0,0,0,-999996.0,0,0,0,0,0,0,0,0,0,0,0,0,0,0
2015/9/12 上午 12:00:00,0,0,0,0,0,0,0,0,0,0,0,0,0,0,0,0,0,0,-999996.0,0,0,0,0,0
2015/9/13 上午 12:00:00,0,0,0,0,0,0,0,0,0,0,0,0,0,0,0,0,0,0,0,0,0,0,0,0
2015/9/14 上午 12:00:00,0,0,0,-999996.0,0,0,0,0,0,0,0,0,0,0,0,0,0,0,3.5,0,0,0,0,0
2015/9/15 上午 12:00:00,0,0,0,0,0,0,0,0,0,0,0,0,0,0,0,0,0,0,-999996.0,0,0,0,0,0
2015/9/16 上午 12:00:00,0,0,0,0,0,0,0,0,0,0,0,0,0,0,0,0,0,-999996.0,0,0,0,0,0,0
2015/9/17 上午 12:00:00,0,0,0,0,0,0,0,0,0,-999996.0,0,0,0,0,0,0,0,0,0,0,0,0,0,0
2015/9/18 上午 12:00:00,0,0,0,0,0,0,0,0,0,0,0,0,0,-999996.0,0,0,0,0,0,0,0,0,0,0
2015/9/19 上午 12:00:00,0,0,0,0,0,0,0,0,0,0,0,0,0,0,0,0,0,0,0,0,0,0,0,0
2015/9/20 上午 12:00:00,0,0,0,0,0,0,0,0,0,0,0,0,0,0,0,0,0,0,0,0,0,0,0,0
2015/9/21 上午 12:00:00,0,0,0,0,0,0,0,0,0,0,0,0,0,0,0,0,0,0,0,0,0,0,0,0
2015/9/22 上午 12:00:00,0,0,0,0,0,0,0,0,0,0,0,0,0,0,0,0,0,0,0,0,0,0,0,0
2015/9/23 上午 12:00:00,0,0,0,0,0,0,0,0,0,0,0,0,0,0,0,0,0,0,0,0,0,0,0,0
2015/9/24 上午 12:00:00,0,0,0,0,0,0,0,0,0,0,0,0,0,0,0,0,0,0,0,0,0,0,0,0
2015/9/25 上午 12:00:00,0,0,0,0,0,0,0,0,0,0,0,0,0,0,0,0,0,0,0,0,0,0,0,0
2015/9/26 上午 12:00:00,0,0,-999996.0,0,0,0,0,0,0,0,0,0,0,0,0,0,0,0,0,0,0,0,0,0
2015/9/27 上午 12:00:00,0,0,0,0,0,0,0,0,0,0,0,0,0,0,0,-999996.0,0,0,0,0,0,0,0,0
2015/9/28 上午 12:00:00,0,0,0,0,0,0,0,0,0,0,0,0,0,0,0,0,0.5,0,0,0,0,4.5,25.5,9.5
2015/9/29 上午 12:00:00,2.5,5.5,17.5,6.0,6.5,1.5,0,0,0,0,0,0,0,0,0,0,0,0,0,0,0,0,0,0
2015/9/30 上午 12:00:00,0,0,0,0,0,0,0,0,0,0,0,0,0,0,0,0,0,0,0,0,0,0,0,0
2015/10/1 上午 12:00:00,0,0,0,0,0,0,0,0,0,0,0,0,0,0,0,0,0,0,0,0,0,0,0,0
2015/10/2 上午 12:00:00,0,0,0,0,0,0,0,0,0,0,0,0,0,0,0,0,0,0,0,0,0,0,0,0
2015/10/3 上午 12:00:00,0,0,0,0,0,0,0,0,0,0,0,0,0,0,0,0,0,0,0,0,0,0,0,0
2015/10/4 上午 12:00:00,0,0,0,0,0,0,0,0,0,0,0,0,0,0,0,0,0,0,0,0,0,0,0,0
2015/10/5 上午 12:00:00,0,0,0,0,0,0,0,0,0,0,0,0,0,0,0,0,0,0,0,0,0,0,0,0
2015/10/6 上午 12:00:00,0,0,0,0,0,0,0,0,0,0,0,0,0,0,0,0,0,0,0,0,0,0,0,0
2015/10/7 上午 12:00:00,0,0,0,0,0,0,0,0,0,0,0,0,0,0,0,0,0,0,0,0,0,0,0,0
2015/10/8 上午 12:00:00,0,0,0,0,0,0,0,0,0,0,0,0,0,0,0,0,0,0,0,0,0,0,0,0
2015/10/9 上午 12:00:00,0,0,0,0,1.0,1.5,1.5,1.5,0,0,0,0,0,0,0,0,0,0,0,0,0,0,0,0
2015/10/10 上午 12:00:00,0,0,0,0,0,0,0,0,0,0,0,0,0,0,0,0,0,0,0,0,0,0,0,0
2015/10/11 上午 12:00:00,0,0,0,0,0,0,0,0,0,0,0,0,0,0,0,0,0,0,0,0,0,0,0,0
2015/10/12 上午 12:00:00,0,0,0,0,0,0,0,0,0,0,0,0,0,0,0,0,0,0,0,0,0,0,0,0
2015/10/13 上午 12:00:00,0,0,2.0,0,0,0,-999996.0,0,0,0,0,0,0,0,0,0,0,0,0,0,0,0,0,0
2015/10/14 上午 12:00:00,0,0,0,0,0,0,0,0,0,0,0,0,0,0,0,0,0,0,0,0,0,0,0,0
2015/10/15 上午 12:00:00,0,0,0,0,0,0,0,0,0,0,0,0,0,0,0,0,0,0,0,0,0,0,0,0
2015/10/16 上午 12:00:00,0,0,0,0,0,0,0,0,0,0,0,0,0,0,0,0,0,0,0,0,0,0,0,0
2015/10/17 上午 12:00:00,0,0,0,0,0,0,0,0,0,0,0,0,0,0,0,0,0,0,0,0,0,-999996.0,0,0
2015/10/18 上午 12:00:00,0,0,0,0,0,0,0,0,0,0,0,0,0,0,0,0,0,0,0,0,0,0,0,0
2015/10/19 上午 12:00:00,0,0,0,0,0,0,0,0,0,0,0,0,0,0,0,0,0,0,0,0,0,0,0,0
2015/10/20 上午 12:00:00,0,0,0,0,0,0,0,0,0,0,0,0.5,0,0,0.5,0.5,0.5,0.5,1.0,0.5,0.5,0.5,0.5,1.0
2015/10/21 上午 12:00:00,0,0,0,0.5,0.5,0.5,0,0,0,0,0,3.0,2.5,3.5,2.0,0,0,0,0,0,0,0,0,0
2015/10/22 上午 12:00:00,0,0,0,0,0,0,0,0.5,0,0,0,0,0,0,0,0,0,0,0,0,0,0,0,0
2015/10/23 上午 12:00:00,0,0,0,0,0,0,0,0,0,0,0,0,0,0,0,0,0,0,0,0.5,0,0,0,0
2015/10/24 上午 12:00:00,0,0,0,0,0,0,0,0,0,0,0,0,0,0,0,0,-999996.0,0,0,0,0,0,0,0
2015/10/25 上午 12:00:00,0,0,0,0,0,0,0,0,0,0,0,0,0,0,0,0,0,0,-999996.0,0,0,0,0,0
2015/10/26 上午 12:00:00,0,0,0,0,0,0,0,0,0,0,0,0,0,-999996.0,0,0,0,0,0,-999996.0,0,0,0,0
2015/10/27 上午 12:00:00,0,0,0,0,0,0,0,0,0,0,0,0,0,0,0,0,0,0,0,0,0,0,0,0
2015/10/28 上午 12:00:00,0,0,0,0,0,-999996.0,0,0,0,0,0,0,0,0,0,0,0,0,0,0,0,0,0,0
2015/10/29 上午 12:00:00,0,0,0,0,0,0,0,0,0,0,0,0,0,0,0,0,-999996.0,0,0,0,0,0,-999996.0,0
2015/10/30 上午 12:00:00,0,0,0,0,0,0,0,0,0,0,0,0,0,0,0,0,0,0,0,0,0,0,0,0
2015/10/31 上午 12:00:00,0,0,0,0,0,0,0,0,0,0,0,0,0,0,0,0,0,0,0,0,0,0,0,-999996.0
2015/11/1 上午 12:00:00,0,0,0,0,0,0,0,-999996.0,0,0,0,0,0,0,0,0,0,-999996.0,0,0,0,0,-999996.0,0
2015/11/2 上午 12:00:00,0,0,0,0,0,0,0,0,0,0,0,0,0,0,0,0,0,0,0,0,0,0,0,0
2015/11/3 上午 12:00:00,0,0,0,0,0,0,0,0,0,0,0,0,0,0,0,0,0,0,0,0,0,0,0,0
2015/11/4 上午 12:00:00,0,0,0,0,0,0,0,0,0,0,0,0,0,0,0,0,0,0,0,0,0,0,0,0
2015/11/5 上午 12:00:00,0,0,0,0,0,0,0,0,0,0,0,0,0,0,0,0,0,0,0,0,0,0,0,0
2015/11/6 上午 12:00:00,0,0,0,0,0,0,0,0,0,0,0,0,0,0,0,0,0,0,0,0,0,0,0,0
2015/11/7 上午 12:00:00,0,0,0,0,0,0,0,0,0,0,0,0,0,0,0,0,0,0,0,0,0,0,0,0
2015/11/8 上午 12:00:00,0,0,0,0,0,0,0,0,0,0,0,0,0,0,0,0,0,0,0,0,0,0,0,0
2015/11/9 上午 12:00:00,0,0,0,0,0,0,0,0,0,0,0,-999996.0,0,0,0,0,0,0,0,0,0,0,0,0
2015/11/10 上午 12:00:00,0,0,0,0,0,0,0,0,0,0,0,0,0,0,0,0,0,0,0,0,0,0,0,0
2015/11/11 上午 12:00:00,0,0,0,0,0,0,0,0,0,0,0,0,0,0,0,0,0,0,0,0,0,0,0,0
2015/11/12 上午 12:00:00,0,0,0,0,0,0,0,0,0,0,0,0,0,0,0,0,0,0,0,0,0,0,0,0
2015/11/13 上午 12:00:00,0,0,0,0,0,0,0,0,0,0,0,0,0,0,0,0,0,0,0,0,0,0,0,0
2015/11/14 上午 12:00:00,0,0,0,-999996.0,0,0,0,0,0,0,0,0,-999996.0,0,0,0,0,0,0,0,0,0,0,0
2015/11/15 上午 12:00:00,0,0,0,0,0,0,0,0,0,0,0,0,0,0,0,0,0,0,0,0,0,0,0,0
2015/11/16 上午 12:00:00,0,0,0,0,0,0,0,0,0,0,0,0,0,0,0,0,0,0,0,0,0,0,0,0
2015/11/17 上午 12:00:00,0,0,0,0,0,0,0,0,0,0,0,0,0,0,0,0,0,0,0,0,0,0,0,0
2015/11/18 上午 12:00:00,0,0,0,0,0,0,0,0,0,0,0,0,0,0,0,0,0,0,0,0,0,0,0,0
2015/11/19 上午 12:00:00,0,0,0,0,0,0,0,0,0,0,0,0,0,0,0,0,0,0,0,0,0,0,0,-999996.0
2015/11/20 上午 12:00:00,0,0,0,0,0,0,0,0,0,0,0,0,0,0,0,0,0,0,0,0,0,0,0,0
2015/11/21 上午 12:00:00,0,0,0,0,0,0,0,0,0,0,0,0,0,0,0,0,0,0,0,0,0,0,0,0
2015/11/22 上午 12:00:00,0,0,0,0,0,0,0,0,0,0,0,0,0,0,0,0,0,0,0,-999996.0,0,-999996.0,0,0
2015/11/23 上午 12:00:00,0,0,0,0,0,0,0,0,0,0,0,0,0,0,0,0,0,0,0,0,0,0,0,0
2015/11/24 上午 12:00:00,0,0,0,0,0,0,0,0,0,0,0,0,0,0,0,0,0,0,0,0,0,0,0,0
2015/11/25 上午 12:00:00,0,0,0,0,0,0,0,0,0,0,0,0,0,0,0,0,0,0,0,0,0,0,0,0
2015/11/26 上午 12:00:00,0,0,0,0,0,0,0,0,0,0,0,0,0,0,0,0,-999996.0,0,0,0,0,0,0,0
2015/11/27 上午 12:00:00,0,0,0,0,0,0,0,-999996.0,0,0,0,0,0,0,0,0,0,0,0,0,0,0,0,0
2015/11/28 上午 12:00:00,0,0,0,0,0,0,0,0,0,0,0,0,0,0,0,0,0,0,0,0,0,0,0,0
2015/11/29 上午 12:00:00,0,0,0,0,0,0,0,0,0,0,0,0,0,0,0,0,0,0,0,0,0,0,0,0
2015/11/30 上午 12:00:00,0,0,0,0,0,0,0,0,0,0,0,0,0,0,0,0,0,0,0,0,0,0,0,0
2015/12/1 上午 12:00:00,0,0,0,0,0,0,0,0,0,0,0,0,0,0,0,0,0,0,0,0,0,0,0,0
2015/12/2 上午 12:00:00,-999996.0,0,0,0,0,0,0,0,0,0,0,0,0,0,0,0,0,0,0,0,0,0,0,0
2015/12/3 上午 12:00:00,0,0,0,0,0,0,0,0,0,0,0,0,-999996.0,0,0,0,0,0,0,0,0,0,0,0
2015/12/4 上午 12:00:00,0,0,0,0,0,0,0,0,0,0,0,0,0,0,0,0,0,0,0,0,0,0,0,0
2015/12/5 上午 12:00:00,0,0,0,0,-999996.0,0,0,0,0,0,0,0,0,0,0,0,0,0,0,0,0,0,0,0
2015/12/6 上午 12:00:00,0,0,0,0,0,0,0,0,0,0,0,0,0,0,0,0,0,0,0,0,0,0,-999996.0,0
2015/12/7 上午 12:00:00,0,0,0,0,0,0,0,0,0,0,0,0,1.5,0,0,0,0,0,0,0,0,0,0,0
2015/12/8 上午 12:00:00,0,0,0,0,0,0,0,0,0,0,0,0,0,0,0,0,0,0,0,0,0,0,0,0
2015/12/9 上午 12:00:00,0,0,0,0,0,0,0,0,0,0,0,0,0,0,0,0,0,0,0,0,-999996.0,0,0,0.5
2015/12/10 上午 12:00:00,2.0,2.0,2.0,0.5,0,0.5,0,0,0,0.5,0,0,0,0,0,0,0,0,0,0,0,0,0,0
2015/12/11 上午 12:00:00,0,0,0,0,0,0,0,0,0,0,0,0,0,0,0,0,0,0,0,0,0,0,0,0
2015/12/12 上午 12:00:00,0,0,0,0,0,0,0,0,0,0,0,0,0,0,0,0,0,0,0,0,0,0,0,0
2015/12/13 上午 12:00:00,0,0,0,0,0,0,0,0,0,0,0,0,0,0,0,0,0,0,0,0,0,0,0,0
2015/12/14 上午 12:00:00,0,0,0,0,0,0,0,0,0,0,0,0,0,0,0,0,0,0,0,0,0,0,0,0
2015/12/15 上午 12:00:00,0,0,0,0,0,0,0,0,0,0,0,0,0,0,0,0,0,0,0,0,0,0,0,0
2015/12/16 上午 12:00:00,0,0,0,0,0,0,0,0,0,0,0,0,0,0,0,0,0,0,0,0,0,0,0,0
2015/12/17 上午 12:00:00,0,0,0,0,0,0,0,0,0,0,0,0,0,0,0,0,0,0,0,0,0,0,0,0
2015/12/18 上午 12:00:00,0,0,0,0,0,0,0,0,0,0,0,0,0,0,-999996.0,0,0,0,0,0,0,0,0,0
2015/12/19 上午 12:00:00,0,0,0,0,0,0,0,0,0,0,0,0,0,0,0,0,0,0,0,0,0,-999996.0,0,0
2015/12/20 上午 12:00:00,0,0,0,0,0,0,0,0,0,0,0,0,0,0,0,0,0,0,0,0,0,0,0,0
2015/12/21 上午 12:00:00,0,0,0,0,0,0,0,0,0,0,0,0,0,0,0,0,0,0,0,0,0,0,0,0
2015/12/22 上午 12:00:00,0,0,0,0,0,0,0,0,0,0,0,0,0,0,0,0,0,0,0,0,0,0,0,0
2015/12/23 上午 12:00:00,0,0,0,0,0,0,0,0,0,0,0,0,0,0,0,0,0,0,0,0,0,0,0,0
2015/12/24 上午 12:00:00,0,0,0,0,0,0,0,0,0,0,0,0,0,0,0,0,0,-999996.0,0,-999996.0,0,0,0,0
2015/12/25 上午 12:00:00,0,0,0,0,0,0,0,0,0,0,0,0,0,0,0,0,0,0,0,0,0,0,0,0
2015/12/26 上午 12:00:00,0,0,0,0,0,0,0,0,-999996.0,0,-999996.0,0,0,0,0,0,0,0,0,0,0,0,0,0
2015/12/27 上午 12:00:00,0,0,0,0,0,0,0,0,0,0,0,0,0,0,0,0,0,0,0,0,0,0,0,0
2015/12/28 上午 12:00:00,0,0,0,0,0,0,0,0,0,0,0,0,0,0,0,0,0,0,0,0,0,0,0,0
2015/12/29 上午 12:00:00,0,0,0,0,0,0,0,0,0,0,0,0,0,0,0,0,0,0,0,0,0,0,0,0
2015/12/30 上午 12:00:00,0,0,0,0,0,0,0,0,0,0,0,0,0,0,0,0,0,0,0,0,0,0,0,0
2015/12/31 上午 12:00:00,0,0,0,0,0,0,0,0,0,0,0,0,0,0,0,0,0,0,0,0,0,0,0,0
